Year,Month,Median montly series,Date
1711,1,16.4,1711-01-01
1711,2,73.1,1711-02-01
1711,3,121.2,1711-03-01
1711,4,85.2,1711-04-01
1711,5,66.6,1711-05-01
1711,6,66.6,1711-06-01
1711,7,46.9,1711-07-01
1711,8,91.7,1711-08-01
1711,9,74.2,1711-09-01
1711,10,128.8,1711-10-01
1711,11,207.4,1711-11-01
1711,12,113.5,1711-12-01
1712,1,42.6,1712-01-01
1712,2,31.3,1712-02-01
1712,3,83.9,1712-03-01
1712,4,102.7,1712-04-01
1712,5,60.1,1712-05-01
1712,6,102.7,1712-06-01
1712,7,200.4,1712-07-01
1712,8,106.5,1712-08-01
1712,9,111.5,1712-09-01
1712,10,180.4,1712-10-01
1712,11,175.4,1712-11-01
1712,12,55.1,1712-12-01
1713,1,97.3,1713-01-01
1713,2,107.1,1713-02-01
1713,3,60.9,1713-03-01
1713,4,30.5,1713-04-01
1713,5,70.7,1713-05-01
1713,6,76.6,1713-06-01
1713,7,160.1,1713-07-01
1713,8,127.7,1713-08-01
1713,9,39.3,1713-09-01
1713,10,41.3,1713-10-01
1713,11,90.4,1713-11-01
1713,12,80.6,1713-12-01
1714,1,42.4,1714-01-01
1714,2,80.5,1714-02-01
1714,3,53.9,1714-03-01
1714,4,56.6,1714-04-01
1714,5,41.6,1714-05-01
1714,6,26.5,1714-06-01
1714,7,150.3,1714-07-01
1714,8,79.6,1714-08-01
1714,9,66.3,1714-09-01
1714,10,114.1,1714-10-01
1714,11,82.2,1714-11-01
1714,12,90.2,1714-12-01
1715,1,125.8,1715-01-01
1715,2,69.2,1715-02-01
1715,3,76.7,1715-03-01
1715,4,135.9,1715-04-01
1715,5,166.1,1715-05-01
1715,6,106.9,1715-06-01
1715,7,123.3,1715-07-01
1715,8,108.2,1715-08-01
1715,9,128.3,1715-09-01
1715,10,104.4,1715-10-01
1715,11,65.4,1715-11-01
1715,12,47.8,1715-12-01
1716,1,17.8,1716-01-01
1716,2,55.5,1716-02-01
1716,3,37.7,1716-03-01
1716,4,73.2,1716-04-01
1716,5,128.7,1716-05-01
1716,6,53.4,1716-06-01
1716,7,75.3,1716-07-01
1716,8,67.0,1716-08-01
1716,9,193.6,1716-09-01
1716,10,144.4,1716-10-01
1716,11,122.4,1716-11-01
1716,12,77.4,1716-12-01
1717,1,99.0,1717-01-01
1717,2,73.3,1717-02-01
1717,3,74.3,1717-03-01
1717,4,94.1,1717-04-01
1717,5,79.2,1717-05-01
1717,6,74.3,1717-06-01
1717,7,65.3,1717-07-01
1717,8,93.1,1717-08-01
1717,9,96.0,1717-09-01
1717,10,65.3,1717-10-01
1717,11,125.7,1717-11-01
1717,12,90.1,1717-12-01
1718,1,62.5,1718-01-01
1718,2,75.7,1718-02-01
1718,3,71.0,1718-03-01
1718,4,89.0,1718-04-01
1718,5,68.2,1718-05-01
1718,6,27.5,1718-06-01
1718,7,60.6,1718-07-01
1718,8,126.9,1718-08-01
1718,9,34.1,1718-09-01
1718,10,95.6,1718-10-01
1718,11,80.5,1718-11-01
1718,12,164.8,1718-12-01
1719,1,71.9,1719-01-01
1719,2,118.9,1719-02-01
1719,3,54.6,1719-03-01
1719,4,70.9,1719-04-01
1719,5,67.1,1719-05-01
1719,6,45.1,1719-06-01
1719,7,68.1,1719-07-01
1719,8,70.0,1719-08-01
1719,9,56.6,1719-09-01
1719,10,95.9,1719-10-01
1719,11,139.0,1719-11-01
1719,12,100.7,1719-12-01
1720,1,144.0,1720-01-01
1720,2,85.4,1720-02-01
1720,3,103.7,1720-03-01
1720,4,63.5,1720-04-01
1720,5,87.9,1720-05-01
1720,6,72.0,1720-06-01
1720,7,101.3,1720-07-01
1720,8,118.4,1720-08-01
1720,9,91.5,1720-09-01
1720,10,119.6,1720-10-01
1720,11,109.8,1720-11-01
1720,12,123.3,1720-12-01
1721,1,97.8,1721-01-01
1721,2,59.1,1721-02-01
1721,3,72.8,1721-03-01
1721,4,131.9,1721-04-01
1721,5,72.8,1721-05-01
1721,6,106.9,1721-06-01
1721,7,102.3,1721-07-01
1721,8,125.1,1721-08-01
1721,9,60.3,1721-09-01
1721,10,97.8,1721-10-01
1721,11,158.1,1721-11-01
1721,12,52.3,1721-12-01
1722,1,71.4,1722-01-01
1722,2,45.4,1722-02-01
1722,3,100.9,1722-03-01
1722,4,47.6,1722-04-01
1722,5,181.4,1722-05-01
1722,6,87.3,1722-06-01
1722,7,145.1,1722-07-01
1722,8,79.4,1722-08-01
1722,9,46.5,1722-09-01
1722,10,65.8,1722-10-01
1722,11,114.5,1722-11-01
1722,12,148.5,1722-12-01
1723,1,91.5,1723-01-01
1723,2,137.3,1723-02-01
1723,3,70.0,1723-03-01
1723,4,67.4,1723-04-01
1723,5,18.1,1723-05-01
1723,6,36.3,1723-06-01
1723,7,89.8,1723-07-01
1723,8,47.5,1723-08-01
1723,9,43.2,1723-09-01
1723,10,63.9,1723-10-01
1723,11,96.7,1723-11-01
1723,12,101.9,1723-12-01
1724,1,134.6,1724-01-01
1724,2,85.6,1724-02-01
1724,3,91.8,1724-03-01
1724,4,69.7,1724-04-01
1724,5,62.4,1724-05-01
1724,6,63.6,1724-06-01
1724,7,105.2,1724-07-01
1724,8,179.9,1724-08-01
1724,9,111.3,1724-09-01
1724,10,51.4,1724-10-01
1724,11,68.5,1724-11-01
1724,12,199.4,1724-12-01
1725,1,111.6,1725-01-01
1725,2,50.4,1725-02-01
1725,3,46.8,1725-03-01
1725,4,108.0,1725-04-01
1725,5,88.8,1725-05-01
1725,6,129.6,1725-06-01
1725,7,103.2,1725-07-01
1725,8,135.6,1725-08-01
1725,9,118.8,1725-09-01
1725,10,90.0,1725-10-01
1725,11,108.0,1725-11-01
1725,12,109.2,1725-12-01
1726,1,119.1,1726-01-01
1726,2,83.8,1726-02-01
1726,3,49.6,1726-03-01
1726,4,61.7,1726-04-01
1726,5,73.9,1726-05-01
1726,6,101.4,1726-06-01
1726,7,88.2,1726-07-01
1726,8,76.1,1726-08-01
1726,9,153.2,1726-09-01
1726,10,92.6,1726-10-01
1726,11,103.6,1726-11-01
1726,12,99.2,1726-12-01
1727,1,98.0,1727-01-01
1727,2,105.0,1727-02-01
1727,3,53.6,1727-03-01
1727,4,105.0,1727-04-01
1727,5,116.6,1727-05-01
1727,6,86.3,1727-06-01
1727,7,93.3,1727-07-01
1727,8,68.8,1727-08-01
1727,9,119.0,1727-09-01
1727,10,123.6,1727-10-01
1727,11,106.1,1727-11-01
1727,12,91.0,1727-12-01
1728,1,122.7,1728-01-01
1728,2,52.4,1728-02-01
1728,3,92.9,1728-03-01
1728,4,94.1,1728-04-01
1728,5,69.1,1728-05-01
1728,6,140.6,1728-06-01
1728,7,82.2,1728-07-01
1728,8,81.0,1728-08-01
1728,9,110.8,1728-09-01
1728,10,94.1,1728-10-01
1728,11,131.0,1728-11-01
1728,12,120.3,1728-12-01
1729,1,110.6,1729-01-01
1729,2,52.0,1729-02-01
1729,3,69.7,1729-03-01
1729,4,26.5,1729-04-01
1729,5,69.7,1729-05-01
1729,6,82.9,1729-06-01
1729,7,68.6,1729-07-01
1729,8,80.7,1729-08-01
1729,9,111.7,1729-09-01
1729,10,94.0,1729-10-01
1729,11,182.4,1729-11-01
1729,12,157.0,1729-12-01
1730,1,73.4,1730-01-01
1730,2,127.5,1730-02-01
1730,3,92.6,1730-03-01
1730,4,61.4,1730-04-01
1730,5,117.9,1730-05-01
1730,6,139.5,1730-06-01
1730,7,99.9,1730-07-01
1730,8,80.6,1730-08-01
1730,9,72.2,1730-09-01
1730,10,129.9,1730-10-01
1730,11,108.3,1730-11-01
1730,12,99.9,1730-12-01
1731,1,94.3,1731-01-01
1731,2,96.1,1731-02-01
1731,3,28.7,1731-03-01
1731,4,26.9,1731-04-01
1731,5,50.3,1731-05-01
1731,6,35.9,1731-06-01
1731,7,49.4,1731-07-01
1731,8,80.8,1731-08-01
1731,9,71.9,1731-09-01
1731,10,113.2,1731-10-01
1731,11,131.1,1731-11-01
1731,12,119.5,1731-12-01
1732,1,122.5,1732-01-01
1732,2,96.7,1732-02-01
1732,3,93.3,1732-03-01
1732,4,61.8,1732-04-01
1732,5,118.0,1732-05-01
1732,6,36.0,1732-06-01
1732,7,98.9,1732-07-01
1732,8,80.9,1732-08-01
1732,9,111.3,1732-09-01
1732,10,130.4,1732-10-01
1732,11,55.1,1732-11-01
1732,12,119.2,1732-12-01
1733,1,149.0,1733-01-01
1733,2,127.2,1733-02-01
1733,3,93.3,1733-03-01
1733,4,61.8,1733-04-01
1733,5,23.0,1733-05-01
1733,6,60.6,1733-06-01
1733,7,49.7,1733-07-01
1733,8,116.3,1733-08-01
1733,9,111.5,1733-09-01
1733,10,94.5,1733-10-01
1733,11,130.9,1733-11-01
1733,12,193.9,1733-12-01
1734,1,94.3,1734-01-01
1734,2,71.9,1734-02-01
1734,3,102.6,1734-03-01
1734,4,44.8,1734-04-01
1734,5,117.9,1734-05-01
1734,6,95.5,1734-06-01
1734,7,127.4,1734-07-01
1734,8,81.4,1734-08-01
1734,9,110.8,1734-09-01
1734,10,93.2,1734-10-01
1734,11,82.5,1734-11-01
1734,12,156.8,1734-12-01
1735,1,122.7,1735-01-01
1735,2,96.0,1735-02-01
1735,3,102.7,1735-03-01
1735,4,93.4,1735-04-01
1735,5,50.7,1735-05-01
1735,6,96.0,1735-06-01
1735,7,128.0,1735-07-01
1735,8,116.0,1735-08-01
1735,9,110.7,1735-09-01
1735,10,130.7,1735-10-01
1735,11,166.7,1735-11-01
1735,12,120.0,1735-12-01
1736,1,149.8,1736-01-01
1736,2,96.4,1736-02-01
1736,3,68.7,1736-03-01
1736,4,93.3,1736-04-01
1736,5,99.5,1736-05-01
1736,6,20.5,1736-06-01
1736,7,49.2,1736-07-01
1736,8,81.0,1736-08-01
1736,9,71.8,1736-09-01
1736,10,94.4,1736-10-01
1736,11,81.0,1736-11-01
1736,12,120.0,1736-12-01
1737,1,149.4,1737-01-01
1737,2,127.3,1737-02-01
1737,3,93.0,1737-03-01
1737,4,94.1,1737-04-01
1737,5,49.8,1737-05-01
1737,6,60.9,1737-06-01
1737,7,49.8,1737-07-01
1737,8,116.2,1737-08-01
1737,9,71.9,1737-09-01
1737,10,94.1,1737-10-01
1737,11,80.8,1737-11-01
1737,12,119.5,1737-12-01
1738,1,149.7,1738-01-01
1738,2,72.9,1738-02-01
1738,3,69.1,1738-03-01
1738,4,94.7,1738-04-01
1738,5,117.7,1738-05-01
1738,6,96.0,1738-06-01
1738,7,48.6,1738-07-01
1738,8,140.8,1738-08-01
1738,9,111.3,1738-09-01
1738,10,152.3,1738-10-01
1738,11,107.5,1738-11-01
1738,12,119.0,1738-12-01
1739,1,122.9,1739-01-01
1739,2,96.1,1739-02-01
1739,3,48.1,1739-03-01
1739,4,61.5,1739-04-01
1739,5,69.3,1739-05-01
1739,6,96.1,1739-06-01
1739,7,127.4,1739-07-01
1739,8,116.2,1739-08-01
1739,9,145.3,1739-09-01
1739,10,70.4,1739-10-01
1739,11,108.4,1739-11-01
1739,12,55.9,1739-12-01
1740,1,35.0,1740-01-01
1740,2,52.8,1740-02-01
1740,3,48.2,1740-03-01
1740,4,26.4,1740-04-01
1740,5,69.9,1740-05-01
1740,6,36.5,1740-06-01
1740,7,68.4,1740-07-01
1740,8,100.3,1740-08-01
1740,9,111.1,1740-09-01
1740,10,70.7,1740-10-01
1740,11,80.8,1740-11-01
1740,12,76.9,1740-12-01
1741,1,109.8,1741-01-01
1741,2,52.9,1741-02-01
1741,3,28.9,1741-03-01
1741,4,26.4,1741-04-01
1741,5,22.3,1741-05-01
1741,6,61.1,1741-06-01
1741,7,68.5,1741-07-01
1741,8,66.1,1741-08-01
1741,9,91.7,1741-09-01
1741,10,113.1,1741-10-01
1741,11,108.2,1741-11-01
1741,12,76.8,1741-12-01
1742,1,123.3,1742-01-01
1742,2,72.5,1742-02-01
1742,3,29.2,1742-03-01
1742,4,26.4,1742-04-01
1742,5,49.9,1742-05-01
1742,6,61.2,1742-06-01
1742,7,81.9,1742-07-01
1742,8,65.9,1742-08-01
1742,9,71.5,1742-09-01
1742,10,151.6,1742-10-01
1742,11,108.3,1742-11-01
1742,12,99.8,1742-12-01
1743,1,149.9,1743-01-01
1743,2,96.2,1743-02-01
1743,3,68.9,1743-03-01
1743,4,94.2,1743-04-01
1743,5,69.9,1743-05-01
1743,6,36.5,1743-06-01
1743,7,99.3,1743-07-01
1743,8,49.6,1743-08-01
1743,9,71.9,1743-09-01
1743,10,113.4,1743-10-01
1743,11,107.4,1743-11-01
1743,12,55.7,1743-12-01
1744,1,73.8,1744-01-01
1744,2,96.5,1744-02-01
1744,3,102.1,1744-03-01
1744,4,62.4,1744-04-01
1744,5,49.9,1744-05-01
1744,6,61.3,1744-06-01
1744,7,82.8,1744-07-01
1744,8,140.7,1744-08-01
1744,9,145.3,1744-09-01
1744,10,152.1,1744-10-01
1744,11,131.7,1744-11-01
1744,12,36.3,1744-12-01
1745,1,122.7,1745-01-01
1745,2,52.1,1745-02-01
1745,3,47.8,1745-03-01
1745,4,61.9,1745-04-01
1745,5,139.0,1745-05-01
1745,6,95.6,1745-06-01
1745,7,68.4,1745-07-01
1745,8,141.2,1745-08-01
1745,9,25.0,1745-09-01
1745,10,152.1,1745-10-01
1745,11,81.5,1745-11-01
1745,12,98.9,1745-12-01
1746,1,110.1,1746-01-01
1746,2,38.0,1746-02-01
1746,3,93.1,1746-03-01
1746,4,45.0,1746-04-01
1746,5,22.0,1746-05-01
1746,6,96.1,1746-06-01
1746,7,156.1,1746-07-01
1746,8,50.0,1746-08-01
1746,9,92.1,1746-09-01
1746,10,70.1,1746-10-01
1746,11,108.1,1746-11-01
1746,12,120.1,1746-12-01
1747,1,149.5,1747-01-01
1747,2,72.7,1747-02-01
1747,3,48.2,1747-03-01
1747,4,44.9,1747-04-01
1747,5,69.5,1747-05-01
1747,6,61.3,1747-06-01
1747,7,49.0,1747-07-01
1747,8,49.8,1747-08-01
1747,9,111.1,1747-09-01
1747,10,70.3,1747-10-01
1747,11,54.7,1747-11-01
1747,12,36.0,1747-12-01
1748,1,74.0,1748-01-01
1748,2,52.6,1748-02-01
1748,3,92.7,1748-03-01
1748,4,62.4,1748-04-01
1748,5,99.0,1748-05-01
1748,6,36.6,1748-06-01
1748,7,99.0,1748-07-01
1748,8,81.1,1748-08-01
1748,9,71.3,1748-09-01
1748,10,113.2,1748-10-01
1748,11,54.4,1748-11-01
1748,12,55.3,1748-12-01
1749,1,149.6,1749-01-01
1749,2,51.7,1749-02-01
1749,3,69.8,1749-03-01
1749,4,94.3,1749-04-01
1749,5,49.9,1749-05-01
1749,6,36.3,1749-06-01
1749,7,82.5,1749-07-01
1749,8,100.7,1749-08-01
1749,9,91.6,1749-09-01
1749,10,70.7,1749-10-01
1749,11,54.4,1749-11-01
1749,12,55.3,1749-12-01
1750,1,73.9,1750-01-01
1750,2,96.2,1750-02-01
1750,3,69.9,1750-03-01
1750,4,44.6,1750-04-01
1750,5,22.3,1750-05-01
1750,6,96.2,1750-06-01
1750,7,99.3,1750-07-01
1750,8,140.8,1750-08-01
1750,9,71.9,1750-09-01
1750,10,113.4,1750-10-01
1750,11,107.4,1750-11-01
1750,12,77.0,1750-12-01
1751,1,110.0,1751-01-01
1751,2,72.6,1751-02-01
1751,3,102.0,1751-03-01
1751,4,62.4,1751-04-01
1751,5,69.2,1751-05-01
1751,6,20.4,1751-06-01
1751,7,156.5,1751-07-01
1751,8,116.8,1751-08-01
1751,9,145.1,1751-09-01
1751,10,94.1,1751-10-01
1751,11,107.7,1751-11-01
1751,12,77.1,1751-12-01
1752,1,123.0,1752-01-01
1752,2,51.8,1752-02-01
1752,3,48.5,1752-03-01
1752,4,27.0,1752-04-01
1752,5,117.6,1752-05-01
1752,6,96.0,1752-06-01
1752,7,156.4,1752-07-01
1752,8,141.3,1752-08-01
1752,9,111.1,1752-09-01
1752,10,70.1,1752-10-01
1752,11,80.9,1752-11-01
1752,12,55.0,1752-12-01
1753,1,109.9,1753-01-01
1753,2,126.4,1753-02-01
1753,3,102.2,1753-03-01
1753,4,62.7,1753-04-01
1753,5,98.9,1753-05-01
1753,6,83.5,1753-06-01
1753,7,98.9,1753-07-01
1753,8,116.5,1753-08-01
1753,9,55.0,1753-09-01
1753,10,70.4,1753-10-01
1753,11,55.0,1753-11-01
1753,12,119.8,1753-12-01
1754,1,149.2,1754-01-01
1754,2,73.0,1754-02-01
1754,3,69.9,1754-03-01
1754,4,61.5,1754-04-01
1754,5,69.9,1754-05-01
1754,6,160.6,1754-06-01
1754,7,99.1,1754-07-01
1754,8,81.4,1754-08-01
1754,9,54.2,1754-09-01
1754,10,70.9,1754-10-01
1754,11,54.2,1754-11-01
1754,12,99.1,1754-12-01
1755,1,34.8,1755-01-01
1755,2,38.4,1755-02-01
1755,3,108.0,1755-03-01
1755,4,128.4,1755-04-01
1755,5,99.6,1755-05-01
1755,6,96.0,1755-06-01
1755,7,127.2,1755-07-01
1755,8,100.8,1755-08-01
1755,9,145.2,1755-09-01
1755,10,70.8,1755-10-01
1755,11,130.8,1755-11-01
1755,12,120.0,1755-12-01
1756,1,149.0,1756-01-01
1756,2,72.6,1756-02-01
1756,3,68.7,1756-03-01
1756,4,152.9,1756-04-01
1756,5,117.9,1756-05-01
1756,6,140.0,1756-06-01
1756,7,99.8,1756-07-01
1756,8,141.3,1756-08-01
1756,9,92.0,1756-09-01
1756,10,151.6,1756-10-01
1756,11,54.4,1756-11-01
1756,12,55.7,1756-12-01
1757,1,73.4,1757-01-01
1757,2,39.3,1757-02-01
1757,3,98.2,1757-03-01
1757,4,113.7,1757-04-01
1757,5,77.5,1757-05-01
1757,6,46.5,1757-06-01
1757,7,107.5,1757-07-01
1757,8,173.6,1757-08-01
1757,9,39.3,1757-09-01
1757,10,74.4,1757-10-01
1757,11,114.7,1757-11-01
1757,12,75.4,1757-12-01
1758,1,69.4,1758-01-01
1758,2,103.5,1758-02-01
1758,3,81.5,1758-03-01
1758,4,59.5,1758-04-01
1758,5,52.9,1758-05-01
1758,6,54.0,1758-06-01
1758,7,186.1,1758-07-01
1758,8,110.1,1758-08-01
1758,9,69.4,1758-09-01
1758,10,85.9,1758-10-01
1758,11,99.1,1758-11-01
1758,12,130.0,1758-12-01
1759,1,75.9,1759-01-01
1759,2,28.6,1759-02-01
1759,3,110.7,1759-03-01
1759,4,65.2,1759-04-01
1759,5,52.7,1759-05-01
1759,6,102.7,1759-06-01
1759,7,45.5,1759-07-01
1759,8,80.4,1759-08-01
1759,9,75.0,1759-09-01
1759,10,124.1,1759-10-01
1759,11,71.4,1759-11-01
1759,12,60.7,1759-12-01
1760,1,101.4,1760-01-01
1760,2,97.9,1760-02-01
1760,3,25.3,1760-03-01
1760,4,33.4,1760-04-01
1760,5,56.5,1760-05-01
1760,6,109.5,1760-06-01
1760,7,41.5,1760-07-01
1760,8,112.9,1760-08-01
1760,9,121.0,1760-09-01
1760,10,169.4,1760-10-01
1760,11,148.6,1760-11-01
1760,12,134.8,1760-12-01
1761,1,26.0,1761-01-01
1761,2,83.9,1761-02-01
1761,3,72.9,1761-03-01
1761,4,66.9,1761-04-01
1761,5,69.9,1761-05-01
1761,6,81.9,1761-06-01
1761,7,49.9,1761-07-01
1761,8,88.9,1761-08-01
1761,9,80.9,1761-09-01
1761,10,163.8,1761-10-01
1761,11,124.8,1761-11-01
1761,12,88.9,1761-12-01
1762,1,82.1,1762-01-01
1762,2,46.8,1762-02-01
1762,3,87.4,1762-03-01
1762,4,52.1,1762-04-01
1762,5,30.0,1762-05-01
1762,6,26.5,1762-06-01
1762,7,54.8,1762-07-01
1762,8,103.3,1762-08-01
1762,9,89.2,1762-09-01
1762,10,200.5,1762-10-01
1762,11,75.9,1762-11-01
1762,12,34.4,1762-12-01
1763,1,49.1,1763-01-01
1763,2,99.4,1763-02-01
1763,3,47.8,1763-03-01
1763,4,96.9,1763-04-01
1763,5,56.4,1763-05-01
1763,6,110.4,1763-06-01
1763,7,168.1,1763-07-01
1763,8,128.8,1763-08-01
1763,9,89.6,1763-09-01
1763,10,110.4,1763-10-01
1763,11,68.7,1763-11-01
1763,12,201.2,1763-12-01
1764,1,188.4,1764-01-01
1764,2,106.9,1764-02-01
1764,3,51.7,1764-03-01
1764,4,49.4,1764-04-01
1764,5,56.3,1764-05-01
1764,6,77.0,1764-06-01
1764,7,137.9,1764-07-01
1764,8,104.6,1764-08-01
1764,9,88.5,1764-09-01
1764,10,103.4,1764-10-01
1764,11,105.7,1764-11-01
1764,12,79.3,1764-12-01
1765,1,125.3,1765-01-01
1765,2,58.8,1765-02-01
1765,3,107.0,1765-03-01
1765,4,118.6,1765-04-01
1765,5,23.1,1765-05-01
1765,6,44.4,1765-06-01
1765,7,27.0,1765-07-01
1765,8,97.4,1765-08-01
1765,9,75.2,1765-09-01
1765,10,168.7,1765-10-01
1765,11,64.6,1765-11-01
1765,12,54.0,1765-12-01
1766,1,7.2,1766-01-01
1766,2,75.0,1766-02-01
1766,3,25.3,1766-03-01
1766,4,79.5,1766-04-01
1766,5,132.8,1766-05-01
1766,6,127.4,1766-06-01
1766,7,85.8,1766-07-01
1766,8,56.0,1766-08-01
1766,9,90.4,1766-09-01
1766,10,101.2,1766-10-01
1766,11,62.3,1766-11-01
1766,12,60.5,1766-12-01
1767,1,29.8,1767-01-01
1767,2,116.0,1767-02-01
1767,3,96.9,1767-03-01
1767,4,22.4,1767-04-01
1767,5,140.5,1767-05-01
1767,6,17.0,1767-06-01
1767,7,191.6,1767-07-01
1767,8,102.2,1767-08-01
1767,9,91.6,1767-09-01
1767,10,63.9,1767-10-01
1767,11,136.3,1767-11-01
1767,12,56.4,1767-12-01
1768,1,67.6,1768-01-01
1768,2,192.8,1768-02-01
1768,3,39.4,1768-03-01
1768,4,83.0,1768-04-01
1768,5,53.5,1768-05-01
1768,6,187.2,1768-06-01
1768,7,161.8,1768-07-01
1768,8,81.6,1768-08-01
1768,9,159.0,1768-09-01
1768,10,105.5,1768-10-01
1768,11,164.7,1768-11-01
1768,12,111.2,1768-12-01
1769,1,55.6,1769-01-01
1769,2,71.8,1769-02-01
1769,3,36.4,1769-03-01
1769,4,46.5,1769-04-01
1769,5,53.6,1769-05-01
1769,6,145.7,1769-06-01
1769,7,76.9,1769-07-01
1769,8,137.6,1769-08-01
1769,9,181.1,1769-09-01
1769,10,53.6,1769-10-01
1769,11,72.8,1769-11-01
1769,12,79.9,1769-12-01
1770,1,43.2,1770-01-01
1770,2,50.2,1770-02-01
1770,3,74.8,1770-03-01
1770,4,70.1,1770-04-01
1770,5,61.9,1770-05-01
1770,6,149.6,1770-06-01
1770,7,81.8,1770-07-01
1770,8,65.4,1770-08-01
1770,9,113.3,1770-09-01
1770,10,93.5,1770-10-01
1770,11,224.3,1770-11-01
1770,12,140.2,1770-12-01
1771,1,65.6,1771-01-01
1771,2,32.3,1771-02-01
1771,3,35.0,1771-03-01
1771,4,39.5,1771-04-01
1771,5,53.0,1771-05-01
1771,6,53.0,1771-06-01
1771,7,83.5,1771-07-01
1771,8,122.2,1771-08-01
1771,9,62.0,1771-09-01
1771,10,185.0,1771-10-01
1771,11,74.6,1771-11-01
1771,12,92.5,1771-12-01
1772,1,82.4,1772-01-01
1772,2,85.9,1772-02-01
1772,3,80.1,1772-03-01
1772,4,44.1,1772-04-01
1772,5,73.1,1772-05-01
1772,6,116.1,1772-06-01
1772,7,74.3,1772-07-01
1772,8,104.5,1772-08-01
1772,9,171.8,1772-09-01
1772,10,114.9,1772-10-01
1772,11,159.0,1772-11-01
1772,12,54.6,1772-12-01
1773,1,96.7,1773-01-01
1773,2,63.2,1773-02-01
1773,3,27.4,1773-03-01
1773,4,69.2,1773-04-01
1773,5,149.2,1773-05-01
1773,6,50.1,1773-06-01
1773,7,46.5,1773-07-01
1773,8,83.5,1773-08-01
1773,9,196.9,1773-09-01
1773,10,149.2,1773-10-01
1773,11,142.0,1773-11-01
1773,12,119.3,1773-12-01
1774,1,110.3,1774-01-01
1774,2,85.7,1774-02-01
1774,3,43.3,1774-03-01
1774,4,65.0,1774-04-01
1774,5,74.8,1774-05-01
1774,6,90.6,1774-06-01
1774,7,104.4,1774-07-01
1774,8,88.6,1774-08-01
1774,9,151.6,1774-09-01
1774,10,40.4,1774-10-01
1774,11,61.0,1774-11-01
1774,12,68.9,1774-12-01
1775,1,94.9,1775-01-01
1775,2,123.6,1775-02-01
1775,3,74.9,1775-03-01
1775,4,35.0,1775-04-01
1775,5,33.7,1775-05-01
1775,6,48.7,1775-06-01
1775,7,171.0,1775-07-01
1775,8,159.8,1775-08-01
1775,9,147.3,1775-09-01
1775,10,177.3,1775-10-01
1775,11,114.9,1775-11-01
1775,12,68.7,1775-12-01
1776,1,47.7,1776-01-01
1776,2,116.1,1776-02-01
1776,3,48.7,1776-03-01
1776,4,31.1,1776-04-01
1776,5,41.5,1776-05-01
1776,6,96.4,1776-06-01
1776,7,129.6,1776-07-01
1776,8,152.4,1776-08-01
1776,9,143.0,1776-09-01
1776,10,69.4,1776-10-01
1776,11,94.3,1776-11-01
1776,12,66.3,1776-12-01
1777,1,46.4,1777-01-01
1777,2,61.9,1777-02-01
1777,3,67.0,1777-03-01
1777,4,76.3,1777-04-01
1777,5,68.1,1777-05-01
1777,6,112.4,1777-06-01
1777,7,111.4,1777-07-01
1777,8,106.2,1777-08-01
1777,9,51.6,1777-09-01
1777,10,175.3,1777-10-01
1777,11,104.1,1777-11-01
1777,12,50.5,1777-12-01
1778,1,80.4,1778-01-01
1778,2,40.8,1778-02-01
1778,3,73.2,1778-03-01
1778,4,39.6,1778-04-01
1778,5,97.2,1778-05-01
1778,6,97.2,1778-06-01
1778,7,175.2,1778-07-01
1778,8,50.4,1778-08-01
1778,9,79.2,1778-09-01
1778,10,181.2,1778-10-01
1778,11,132.0,1778-11-01
1778,12,153.6,1778-12-01
1779,1,19.9,1779-01-01
1779,2,34.6,1779-02-01
1779,3,25.2,1779-03-01
1779,4,71.3,1779-04-01
1779,5,82.8,1779-05-01
1779,6,83.9,1779-06-01
1779,7,161.5,1779-07-01
1779,8,36.7,1779-08-01
1779,9,151.0,1779-09-01
1779,10,145.7,1779-10-01
1779,11,88.1,1779-11-01
1779,12,147.8,1779-12-01
1780,1,34.5,1780-01-01
1780,2,79.6,1780-02-01
1780,3,61.9,1780-03-01
1780,4,97.3,1780-04-01
1780,5,68.1,1780-05-01
1780,6,53.0,1780-06-01
1780,7,68.1,1780-07-01
1780,8,30.9,1780-08-01
1780,9,157.4,1780-09-01
1780,10,139.7,1780-10-01
1780,11,85.8,1780-11-01
1780,12,16.8,1780-12-01
1781,1,58.5,1781-01-01
1781,2,106.3,1781-02-01
1781,3,16.6,1781-03-01
1781,4,67.3,1781-04-01
1781,5,58.5,1781-05-01
1781,6,105.3,1781-06-01
1781,7,70.2,1781-07-01
1781,8,131.6,1781-08-01
1781,9,99.4,1781-09-01
1781,10,23.4,1781-10-01
1781,11,163.8,1781-11-01
1781,12,74.1,1781-12-01
1782,1,115.7,1782-01-01
1782,2,29.2,1782-02-01
1782,3,78.0,1782-03-01
1782,4,136.4,1782-04-01
1782,5,142.5,1782-05-01
1782,6,59.7,1782-06-01
1782,7,86.5,1782-07-01
1782,8,193.7,1782-08-01
1782,9,148.6,1782-09-01
1782,10,113.3,1782-10-01
1782,11,57.3,1782-11-01
1782,12,57.3,1782-12-01
1783,1,105.4,1783-01-01
1783,2,86.9,1783-02-01
1783,3,57.6,1783-03-01
1783,4,16.3,1783-04-01
1783,5,113.0,1783-05-01
1783,6,106.5,1783-06-01
1783,7,94.5,1783-07-01
1783,8,141.2,1783-08-01
1783,9,148.8,1783-09-01
1783,10,89.1,1783-10-01
1783,11,89.1,1783-11-01
1783,12,38.0,1783-12-01
1784,1,80.7,1784-01-01
1784,2,48.8,1784-02-01
1784,3,54.4,1784-03-01
1784,4,87.3,1784-04-01
1784,5,74.1,1784-05-01
1784,6,144.5,1784-06-01
1784,7,109.8,1784-07-01
1784,8,111.6,1784-08-01
1784,9,59.1,1784-09-01
1784,10,17.8,1784-10-01
1784,11,89.1,1784-11-01
1784,12,61.0,1784-12-01
1785,1,64.9,1785-01-01
1785,2,21.6,1785-02-01
1785,3,17.1,1785-03-01
1785,4,23.4,1785-04-01
1785,5,36.1,1785-05-01
1785,6,43.3,1785-06-01
1785,7,77.5,1785-07-01
1785,8,196.5,1785-08-01
1785,9,126.2,1785-09-01
1785,10,123.5,1785-10-01
1785,11,102.8,1785-11-01
1785,12,68.5,1785-12-01
1786,1,90.1,1786-01-01
1786,2,32.0,1786-02-01
1786,3,35.8,1786-03-01
1786,4,25.2,1786-04-01
1786,5,83.3,1786-05-01
1786,6,70.7,1786-06-01
1786,7,63.9,1786-07-01
1786,8,130.7,1786-08-01
1786,9,176.3,1786-09-01
1786,10,73.6,1786-10-01
1786,11,83.3,1786-11-01
1786,12,103.6,1786-12-01
1787,1,25.8,1787-01-01
1787,2,73.9,1787-02-01
1787,3,82.9,1787-03-01
1787,4,43.7,1787-04-01
1787,5,51.5,1787-05-01
1787,6,69.4,1787-06-01
1787,7,171.3,1787-07-01
1787,8,105.3,1787-08-01
1787,9,52.6,1787-09-01
1787,10,211.6,1787-10-01
1787,11,108.6,1787-11-01
1787,12,123.2,1787-12-01
1788,1,67.6,1788-01-01
1788,2,64.1,1788-02-01
1788,3,57.2,1788-03-01
1788,4,51.6,1788-04-01
1788,5,36.9,1788-05-01
1788,6,44.6,1788-06-01
1788,7,115.7,1788-07-01
1788,8,68.3,1788-08-01
1788,9,77.4,1788-09-01
1788,10,53.0,1788-10-01
1788,11,42.5,1788-11-01
1788,12,18.1,1788-12-01
1789,1,87.6,1789-01-01
1789,2,114.4,1789-02-01
1789,3,29.2,1789-03-01
1789,4,71.8,1789-04-01
1789,5,96.1,1789-05-01
1789,6,137.5,1789-06-01
1789,7,144.8,1789-07-01
1789,8,28.0,1789-08-01
1789,9,110.8,1789-09-01
1789,10,154.6,1789-10-01
1789,11,97.4,1789-11-01
1789,12,144.8,1789-12-01
1790,1,98.2,1790-01-01
1790,2,33.8,1790-02-01
1790,3,22.2,1790-03-01
1790,4,37.0,1790-04-01
1790,5,78.1,1790-05-01
1790,6,98.2,1790-06-01
1790,7,133.1,1790-07-01
1790,8,99.3,1790-08-01
1790,9,106.7,1790-09-01
1790,10,72.9,1790-10-01
1790,11,105.6,1790-11-01
1790,12,171.1,1790-12-01
1791,1,150.1,1791-01-01
1791,2,91.2,1791-02-01
1791,3,45.6,1791-03-01
1791,4,89.0,1791-04-01
1791,5,60.1,1791-05-01
1791,6,32.3,1791-06-01
1791,7,107.9,1791-07-01
1791,8,121.2,1791-08-01
1791,9,46.7,1791-09-01
1791,10,106.8,1791-10-01
1791,11,140.1,1791-11-01
1791,12,121.2,1791-12-01
1792,1,87.6,1792-01-01
1792,2,86.3,1792-02-01
1792,3,102.0,1792-03-01
1792,4,119.0,1792-04-01
1792,5,104.6,1792-05-01
1792,6,60.2,1792-06-01
1792,7,109.9,1792-07-01
1792,8,167.4,1792-08-01
1792,9,155.6,1792-09-01
1792,10,117.7,1792-10-01
1792,11,51.0,1792-11-01
1792,12,146.5,1792-12-01
1793,1,75.4,1793-01-01
1793,2,121.2,1793-02-01
1793,3,94.5,1793-03-01
1793,4,59.2,1793-04-01
1793,5,40.1,1793-05-01
1793,6,68.7,1793-06-01
1793,7,57.3,1793-07-01
1793,8,112.6,1793-08-01
1793,9,74.4,1793-09-01
1793,10,68.7,1793-10-01
1793,11,88.8,1793-11-01
1793,12,93.5,1793-12-01
1794,1,48.2,1794-01-01
1794,2,127.4,1794-02-01
1794,3,64.3,1794-03-01
1794,4,108.8,1794-04-01
1794,5,59.4,1794-05-01
1794,6,32.1,1794-06-01
1794,7,101.4,1794-07-01
1794,8,102.6,1794-08-01
1794,9,111.3,1794-09-01
1794,10,132.3,1794-10-01
1794,11,226.3,1794-11-01
1794,12,122.4,1794-12-01
1795,1,71.2,1795-01-01
1795,2,103.0,1795-02-01
1795,3,85.5,1795-03-01
1795,4,91.0,1795-04-01
1795,5,28.5,1795-05-01
1795,6,101.9,1795-06-01
1795,7,57.0,1795-07-01
1795,8,64.7,1795-08-01
1795,9,16.4,1795-09-01
1795,10,222.5,1795-10-01
1795,11,137.0,1795-11-01
1795,12,117.3,1795-12-01
1796,1,123.4,1796-01-01
1796,2,72.0,1796-02-01
1796,3,29.7,1796-03-01
1796,4,40.5,1796-04-01
1796,5,130.6,1796-05-01
1796,6,59.4,1796-06-01
1796,7,127.0,1796-07-01
1796,8,20.7,1796-08-01
1796,9,101.7,1796-09-01
1796,10,54.9,1796-10-01
1796,11,56.7,1796-11-01
1796,12,83.7,1796-12-01
1797,1,62.8,1797-01-01
1797,2,21.3,1797-02-01
1797,3,68.1,1797-03-01
1797,4,57.4,1797-04-01
1797,5,97.8,1797-05-01
1797,6,52.1,1797-06-01
1797,7,95.7,1797-07-01
1797,8,153.2,1797-08-01
1797,9,125.5,1797-09-01
1797,10,100.0,1797-10-01
1797,11,98.9,1797-11-01
1797,12,130.8,1797-12-01
1798,1,114.7,1798-01-01
1798,2,49.4,1798-02-01
1798,3,35.6,1798-03-01
1798,4,69.2,1798-04-01
1798,5,37.6,1798-05-01
1798,6,50.4,1798-06-01
1798,7,163.2,1798-07-01
1798,8,73.2,1798-08-01
1798,9,125.6,1798-09-01
1798,10,86.0,1798-10-01
1798,11,127.6,1798-11-01
1798,12,56.4,1798-12-01
1799,1,67.8,1799-01-01
1799,2,111.8,1799-02-01
1799,3,55.9,1799-03-01
1799,4,119.4,1799-04-01
1799,5,59.2,1799-05-01
1799,6,46.2,1799-06-01
1799,7,74.2,1799-07-01
1799,8,142.0,1799-08-01
1799,9,109.7,1799-09-01
1799,10,129.1,1799-10-01
1799,11,101.1,1799-11-01
1799,12,59.2,1799-12-01
1800,1,134.8,1800-01-01
1800,2,47.6,1800-02-01
1800,3,44.6,1800-03-01
1800,4,128.9,1800-04-01
1800,5,77.3,1800-05-01
1800,6,25.8,1800-06-01
1800,7,27.8,1800-07-01
1800,8,28.7,1800-08-01
1800,9,127.9,1800-09-01
1800,10,127.9,1800-10-01
1800,11,115.0,1800-11-01
1800,12,105.1,1800-12-01
1801,1,112.8,1801-01-01
1801,2,77.2,1801-02-01
1801,3,86.4,1801-03-01
1801,4,26.4,1801-04-01
1801,5,66.0,1801-05-01
1801,6,28.4,1801-06-01
1801,7,148.3,1801-07-01
1801,8,22.4,1801-08-01
1801,9,110.7,1801-09-01
1801,10,132.1,1801-10-01
1801,11,107.7,1801-11-01
1801,12,97.5,1801-12-01
1802,1,66.8,1802-01-01
1802,2,90.5,1802-02-01
1802,3,46.3,1802-03-01
1802,4,71.1,1802-04-01
1802,5,26.9,1802-05-01
1802,6,76.5,1802-06-01
1802,7,172.4,1802-07-01
1802,8,99.1,1802-08-01
1802,9,62.5,1802-09-01
1802,10,147.6,1802-10-01
1802,11,72.2,1802-11-01
1802,12,145.5,1802-12-01
1803,1,59.1,1803-01-01
1803,2,74.8,1803-02-01
1803,3,52.6,1803-03-01
1803,4,57.5,1803-04-01
1803,5,78.0,1803-05-01
1803,6,64.1,1803-06-01
1803,7,31.2,1803-07-01
1803,8,77.2,1803-08-01
1803,9,55.0,1803-09-01
1803,10,29.6,1803-10-01
1803,11,101.9,1803-11-01
1803,12,140.5,1803-12-01
1804,1,158.4,1804-01-01
1804,2,34.4,1804-02-01
1804,3,126.3,1804-03-01
1804,4,58.5,1804-04-01
1804,5,101.0,1804-05-01
1804,6,63.1,1804-06-01
1804,7,82.6,1804-07-01
1804,8,134.3,1804-08-01
1804,9,36.7,1804-09-01
1804,10,160.7,1804-10-01
1804,11,102.2,1804-11-01
1804,12,89.5,1804-12-01
1805,1,110.1,1805-01-01
1805,2,73.7,1805-02-01
1805,3,73.7,1805-03-01
1805,4,34.6,1805-04-01
1805,5,60.1,1805-05-01
1805,6,52.8,1805-06-01
1805,7,132.0,1805-07-01
1805,8,100.1,1805-08-01
1805,9,91.9,1805-09-01
1805,10,39.1,1805-10-01
1805,11,25.5,1805-11-01
1805,12,116.5,1805-12-01
1806,1,132.1,1806-01-01
1806,2,84.6,1806-02-01
1806,3,45.2,1806-03-01
1806,4,37.1,1806-04-01
1806,5,92.7,1806-05-01
1806,6,39.4,1806-06-01
1806,7,104.3,1806-07-01
1806,8,112.4,1806-08-01
1806,9,88.1,1806-09-01
1806,10,76.5,1806-10-01
1806,11,179.6,1806-11-01
1806,12,166.9,1806-12-01
1807,1,67.3,1807-01-01
1807,2,76.0,1807-02-01
1807,3,25.0,1807-03-01
1807,4,50.0,1807-04-01
1807,5,111.9,1807-05-01
1807,6,55.4,1807-06-01
1807,7,104.3,1807-07-01
1807,8,127.1,1807-08-01
1807,9,168.4,1807-09-01
1807,10,136.9,1807-10-01
1807,11,91.2,1807-11-01
1807,12,72.8,1807-12-01
1808,1,71.9,1808-01-01
1808,2,55.4,1808-02-01
1808,3,17.5,1808-03-01
1808,4,66.7,1808-04-01
1808,5,86.3,1808-05-01
1808,6,63.7,1808-06-01
1808,7,135.5,1808-07-01
1808,8,150.9,1808-08-01
1808,9,58.5,1808-09-01
1808,10,140.7,1808-10-01
1808,11,105.8,1808-11-01
1808,12,73.9,1808-12-01
1809,1,126.9,1809-01-01
1809,2,98.9,1809-02-01
1809,3,40.7,1809-03-01
1809,4,66.4,1809-04-01
1809,5,83.8,1809-05-01
1809,6,86.1,1809-06-01
1809,7,59.4,1809-07-01
1809,8,202.6,1809-08-01
1809,9,132.7,1809-09-01
1809,10,55.9,1809-10-01
1809,11,69.8,1809-11-01
1809,12,140.9,1809-12-01
1810,1,71.3,1810-01-01
1810,2,56.2,1810-02-01
1810,3,88.4,1810-03-01
1810,4,44.2,1810-04-01
1810,5,26.1,1810-05-01
1810,6,42.2,1810-06-01
1810,7,122.5,1810-07-01
1810,8,107.4,1810-08-01
1810,9,73.3,1810-09-01
1810,10,91.4,1810-10-01
1810,11,139.6,1810-11-01
1810,12,141.6,1810-12-01
1811,1,74.4,1811-01-01
1811,2,124.4,1811-02-01
1811,3,76.8,1811-03-01
1811,4,95.4,1811-04-01
1811,5,129.1,1811-05-01
1811,6,57.0,1811-06-01
1811,7,64.0,1811-07-01
1811,8,121.0,1811-08-01
1811,9,48.8,1811-09-01
1811,10,134.9,1811-10-01
1811,11,121.0,1811-11-01
1811,12,116.3,1811-12-01
1812,1,59.3,1812-01-01
1812,2,132.7,1812-02-01
1812,3,88.5,1812-03-01
1812,4,41.0,1812-04-01
1812,5,97.1,1812-05-01
1812,6,83.1,1812-06-01
1812,7,82.0,1812-07-01
1812,8,84.1,1812-08-01
1812,9,80.9,1812-09-01
1812,10,170.4,1812-10-01
1812,11,116.5,1812-11-01
1812,12,43.1,1812-12-01
1813,1,82.8,1813-01-01
1813,2,138.0,1813-02-01
1813,3,44.0,1813-03-01
1813,4,58.3,1813-04-01
1813,5,114.5,1813-05-01
1813,6,49.1,1813-06-01
1813,7,84.9,1813-07-01
1813,8,38.9,1813-08-01
1813,9,103.3,1813-09-01
1813,10,150.3,1813-10-01
1813,11,106.3,1813-11-01
1813,12,52.1,1813-12-01
1814,1,29.7,1814-01-01
1814,2,57.2,1814-02-01
1814,3,44.5,1814-03-01
1814,4,101.7,1814-04-01
1814,5,50.8,1814-05-01
1814,6,58.3,1814-06-01
1814,7,77.3,1814-07-01
1814,8,81.6,1814-08-01
1814,9,39.2,1814-09-01
1814,10,137.7,1814-10-01
1814,11,191.7,1814-11-01
1814,12,188.5,1814-12-01
1815,1,48.8,1815-01-01
1815,2,90.3,1815-02-01
1815,3,111.0,1815-03-01
1815,4,39.4,1815-04-01
1815,5,95.5,1815-05-01
1815,6,82.0,1815-06-01
1815,7,52.9,1815-07-01
1815,8,100.7,1815-08-01
1815,9,121.4,1815-09-01
1815,10,133.9,1815-10-01
1815,11,83.0,1815-11-01
1815,12,78.9,1815-12-01
1816,1,73.4,1816-01-01
1816,2,43.1,1816-02-01
1816,3,68.7,1816-03-01
1816,4,61.8,1816-04-01
1816,5,103.7,1816-05-01
1816,6,76.9,1816-06-01
1816,7,163.1,1816-07-01
1816,8,90.9,1816-08-01
1816,9,136.3,1816-09-01
1816,10,146.8,1816-10-01
1816,11,64.1,1816-11-01
1816,12,136.3,1816-12-01
1817,1,86.1,1817-01-01
1817,2,111.8,1817-02-01
1817,3,86.1,1817-03-01
1817,4,8.9,1817-04-01
1817,5,59.2,1817-05-01
1817,6,106.2,1817-06-01
1817,7,158.7,1817-07-01
1817,8,157.6,1817-08-01
1817,9,35.8,1817-09-01
1817,10,43.6,1817-10-01
1817,11,140.8,1817-11-01
1817,12,122.9,1817-12-01
1818,1,151.3,1818-01-01
1818,2,84.1,1818-02-01
1818,3,153.7,1818-03-01
1818,4,135.7,1818-04-01
1818,5,50.4,1818-05-01
1818,6,68.4,1818-06-01
1818,7,79.3,1818-07-01
1818,8,37.2,1818-08-01
1818,9,121.3,1818-09-01
1818,10,129.7,1818-10-01
1818,11,110.5,1818-11-01
1818,12,79.3,1818-12-01
1819,1,158.8,1819-01-01
1819,2,121.1,1819-02-01
1819,3,51.4,1819-03-01
1819,4,68.5,1819-04-01
1819,5,94.8,1819-05-01
1819,6,102.8,1819-06-01
1819,7,76.5,1819-07-01
1819,8,65.1,1819-08-01
1819,9,82.3,1819-09-01
1819,10,110.8,1819-10-01
1819,11,88.0,1819-11-01
1819,12,122.2,1819-12-01
1820,1,73.7,1820-01-01
1820,2,39.8,1820-02-01
1820,3,77.6,1820-03-01
1820,4,39.8,1820-04-01
1820,5,140.6,1820-05-01
1820,6,66.9,1820-06-01
1820,7,50.4,1820-07-01
1820,8,125.1,1820-08-01
1820,9,86.3,1820-09-01
1820,10,95.0,1820-10-01
1820,11,69.8,1820-11-01
1820,12,104.7,1820-12-01
1821,1,57.7,1821-01-01
1821,2,17.4,1821-02-01
1821,3,117.7,1821-03-01
1821,4,109.0,1821-04-01
1821,5,59.9,1821-05-01
1821,6,12.0,1821-06-01
1821,7,55.6,1821-07-01
1821,8,100.2,1821-08-01
1821,9,124.2,1821-09-01
1821,10,102.4,1821-10-01
1821,11,156.9,1821-11-01
1821,12,176.5,1821-12-01
1822,1,50.9,1822-01-01
1822,2,107.7,1822-02-01
1822,3,122.7,1822-03-01
1822,4,69.5,1822-04-01
1822,5,54.4,1822-05-01
1822,6,34.7,1822-06-01
1822,7,191.0,1822-07-01
1822,8,104.2,1822-08-01
1822,9,53.3,1822-09-01
1822,10,150.5,1822-10-01
1822,11,163.2,1822-11-01
1822,12,55.6,1822-12-01
1823,1,81.9,1823-01-01
1823,2,94.7,1823-02-01
1823,3,85.4,1823-03-01
1823,4,86.5,1823-04-01
1823,5,126.3,1823-05-01
1823,6,44.4,1823-06-01
1823,7,164.9,1823-07-01
1823,8,115.8,1823-08-01
1823,9,90.1,1823-09-01
1823,10,87.7,1823-10-01
1823,11,52.6,1823-11-01
1823,12,139.2,1823-12-01
1824,1,72.1,1824-01-01
1824,2,52.8,1824-02-01
1824,3,74.1,1824-03-01
1824,4,55.8,1824-04-01
1824,5,20.3,1824-05-01
1824,6,54.8,1824-06-01
1824,7,35.5,1824-07-01
1824,8,58.9,1824-08-01
1824,9,90.3,1824-09-01
1824,10,191.8,1824-10-01
1824,11,155.3,1824-11-01
1824,12,153.3,1824-12-01
1825,1,86.2,1825-01-01
1825,2,48.2,1825-02-01
1825,3,65.6,1825-03-01
1825,4,52.3,1825-04-01
1825,5,88.2,1825-05-01
1825,6,72.8,1825-06-01
1825,7,20.5,1825-07-01
1825,8,88.2,1825-08-01
1825,9,104.6,1825-09-01
1825,10,145.7,1825-10-01
1825,11,130.3,1825-11-01
1825,12,123.1,1825-12-01
1826,1,77.2,1826-01-01
1826,2,160.6,1826-02-01
1826,3,60.3,1826-03-01
1826,4,50.6,1826-04-01
1826,5,17.7,1826-05-01
1826,6,8.9,1826-06-01
1826,7,68.3,1826-07-01
1826,8,100.3,1826-08-01
1826,9,72.8,1826-09-01
1826,10,109.1,1826-10-01
1826,11,76.3,1826-11-01
1826,12,83.4,1826-12-01
1827,1,78.9,1827-01-01
1827,2,42.1,1827-02-01
1827,3,155.7,1827-03-01
1827,4,55.7,1827-04-01
1827,5,90.4,1827-05-01
1827,6,91.5,1827-06-01
1827,7,66.3,1827-07-01
1827,8,92.5,1827-08-01
1827,9,70.5,1827-09-01
1827,10,92.5,1827-10-01
1827,11,65.2,1827-11-01
1827,12,150.4,1827-12-01
1828,1,125.7,1828-01-01
1828,2,101.3,1828-02-01
1828,3,62.2,1828-03-01
1828,4,113.5,1828-04-01
1828,5,62.2,1828-05-01
1828,6,67.1,1828-06-01
1828,7,153.8,1828-07-01
1828,8,119.6,1828-08-01
1828,9,64.7,1828-09-01
1828,10,70.8,1828-10-01
1828,11,119.6,1828-11-01
1828,12,159.9,1828-12-01
1829,1,41.1,1829-01-01
1829,2,59.7,1829-02-01
1829,3,42.1,1829-03-01
1829,4,111.6,1829-04-01
1829,5,40.2,1829-05-01
1829,6,72.5,1829-06-01
1829,7,109.7,1829-07-01
1829,8,183.1,1829-08-01
1829,9,83.2,1829-09-01
1829,10,116.5,1829-10-01
1829,11,62.7,1829-11-01
1829,12,56.8,1829-12-01
1830,1,40.1,1830-01-01
1830,2,72.1,1830-02-01
1830,3,68.1,1830-03-01
1830,4,79.2,1830-04-01
1830,5,80.2,1830-05-01
1830,6,61.1,1830-06-01
1830,7,105.2,1830-07-01
1830,8,81.2,1830-08-01
1830,9,130.3,1830-09-01
1830,10,63.1,1830-10-01
1830,11,120.2,1830-11-01
1830,12,101.2,1830-12-01
1831,1,45.1,1831-01-01
1831,2,91.2,1831-02-01
1831,3,109.2,1831-03-01
1831,4,42.8,1831-04-01
1831,5,21.4,1831-05-01
1831,6,71.0,1831-06-01
1831,7,84.5,1831-07-01
1831,8,74.3,1831-08-01
1831,9,84.5,1831-09-01
1831,10,146.4,1831-10-01
1831,11,194.8,1831-11-01
1831,12,161.1,1831-12-01
1832,1,46.8,1832-01-01
1832,2,56.3,1832-02-01
1832,3,80.2,1832-03-01
1832,4,57.3,1832-04-01
1832,5,42.0,1832-05-01
1832,6,94.5,1832-06-01
1832,7,42.0,1832-07-01
1832,8,108.8,1832-08-01
1832,9,40.1,1832-09-01
1832,10,113.6,1832-10-01
1832,11,127.9,1832-11-01
1832,12,145.1,1832-12-01
1833,1,24.4,1833-01-01
1833,2,137.0,1833-02-01
1833,3,34.8,1833-03-01
1833,4,69.7,1833-04-01
1833,5,47.6,1833-05-01
1833,6,126.5,1833-06-01
1833,7,70.8,1833-07-01
1833,8,51.1,1833-08-01
1833,9,117.2,1833-09-01
1833,10,118.4,1833-10-01
1833,11,159.0,1833-11-01
1833,12,204.3,1833-12-01
1834,1,184.3,1834-01-01
1834,2,98.2,1834-02-01
1834,3,65.8,1834-03-01
1834,4,14.2,1834-04-01
1834,5,45.6,1834-05-01
1834,6,101.3,1834-06-01
1834,7,113.4,1834-07-01
1834,8,82.0,1834-08-01
1834,9,79.0,1834-09-01
1834,10,88.1,1834-10-01
1834,11,78.0,1834-11-01
1834,12,62.8,1834-12-01
1835,1,82.7,1835-01-01
1835,2,145.5,1835-02-01
1835,3,88.2,1835-03-01
1835,4,29.8,1835-04-01
1835,5,105.8,1835-05-01
1835,6,38.6,1835-06-01
1835,7,83.8,1835-07-01
1835,8,76.1,1835-08-01
1835,9,137.8,1835-09-01
1835,10,114.7,1835-10-01
1835,11,137.8,1835-11-01
1835,12,61.7,1835-12-01
1836,1,98.2,1836-01-01
1836,2,47.5,1836-02-01
1836,3,115.9,1836-03-01
1836,4,56.3,1836-04-01
1836,5,8.8,1836-05-01
1836,6,83.9,1836-06-01
1836,7,143.5,1836-07-01
1836,8,59.6,1836-08-01
1836,9,128.0,1836-09-01
1836,10,125.8,1836-10-01
1836,11,140.2,1836-11-01
1836,12,96.0,1836-12-01
1837,1,62.8,1837-01-01
1837,2,118.6,1837-02-01
1837,3,35.9,1837-03-01
1837,4,63.8,1837-04-01
1837,5,53.8,1837-05-01
1837,6,61.8,1837-06-01
1837,7,116.6,1837-07-01
1837,8,71.8,1837-08-01
1837,9,79.7,1837-09-01
1837,10,100.7,1837-10-01
1837,11,109.6,1837-11-01
1837,12,121.6,1837-12-01
1838,1,53.8,1838-01-01
1838,2,83.8,1838-02-01
1838,3,85.9,1838-03-01
1838,4,75.5,1838-04-01
1838,5,47.6,1838-05-01
1838,6,97.2,1838-06-01
1838,7,106.5,1838-07-01
1838,8,114.8,1838-08-01
1838,9,59.0,1838-09-01
1838,10,84.8,1838-10-01
1838,11,143.8,1838-11-01
1838,12,81.7,1838-12-01
1839,1,76.0,1839-01-01
1839,2,78.3,1839-02-01
1839,3,92.1,1839-03-01
1839,4,51.8,1839-04-01
1839,5,23.0,1839-05-01
1839,6,89.8,1839-06-01
1839,7,127.8,1839-07-01
1839,8,110.5,1839-08-01
1839,9,163.5,1839-09-01
1839,10,117.4,1839-10-01
1839,11,108.2,1839-11-01
1839,12,112.8,1839-12-01
1840,1,133.8,1840-01-01
1840,2,72.4,1840-02-01
1840,3,11.9,1840-03-01
1840,4,28.4,1840-04-01
1840,5,83.4,1840-05-01
1840,6,68.7,1840-06-01
1840,7,86.2,1840-07-01
1840,8,100.8,1840-08-01
1840,9,77.9,1840-09-01
1840,10,48.6,1840-10-01
1840,11,121.0,1840-11-01
1840,12,83.4,1840-12-01
1841,1,66.5,1841-01-01
1841,2,69.7,1841-02-01
1841,3,90.5,1841-03-01
1841,4,52.0,1841-04-01
1841,5,64.5,1841-05-01
1841,6,67.6,1841-06-01
1841,7,81.1,1841-07-01
1841,8,108.1,1841-08-01
1841,9,93.6,1841-09-01
1841,10,138.3,1841-10-01
1841,11,104.0,1841-11-01
1841,12,104.0,1841-12-01
1842,1,89.2,1842-01-01
1842,2,95.2,1842-02-01
1842,3,93.2,1842-03-01
1842,4,16.8,1842-04-01
1842,5,98.1,1842-05-01
1842,6,60.5,1842-06-01
1842,7,105.1,1842-07-01
1842,8,50.5,1842-08-01
1842,9,93.2,1842-09-01
1842,10,57.5,1842-10-01
1842,11,157.6,1842-11-01
1842,12,74.3,1842-12-01
1843,1,81.8,1843-01-01
1843,2,53.2,1843-02-01
1843,3,61.1,1843-03-01
1843,4,102.5,1843-04-01
1843,5,116.3,1843-05-01
1843,6,76.9,1843-06-01
1843,7,77.9,1843-07-01
1843,8,97.6,1843-08-01
1843,9,46.3,1843-09-01
1843,10,125.2,1843-10-01
1843,11,104.5,1843-11-01
1843,12,42.4,1843-12-01
1844,1,70.9,1844-01-01
1844,2,104.0,1844-02-01
1844,3,79.4,1844-03-01
1844,4,38.8,1844-04-01
1844,5,7.6,1844-05-01
1844,6,73.8,1844-06-01
1844,7,75.7,1844-07-01
1844,8,106.9,1844-08-01
1844,9,68.1,1844-09-01
1844,10,142.8,1844-10-01
1844,11,115.4,1844-11-01
1844,12,62.4,1844-12-01
1845,1,140.5,1845-01-01
1845,2,46.5,1845-02-01
1845,3,50.8,1845-03-01
1845,4,65.9,1845-04-01
1845,5,46.5,1845-05-01
1845,6,105.9,1845-06-01
1845,7,117.8,1845-07-01
1845,8,78.9,1845-08-01
1845,9,65.9,1845-09-01
1845,10,123.2,1845-10-01
1845,11,135.1,1845-11-01
1845,12,103.8,1845-12-01
1846,1,125.5,1846-01-01
1846,2,61.5,1846-02-01
1846,3,111.3,1846-03-01
1846,4,134.9,1846-04-01
1846,5,61.5,1846-05-01
1846,6,54.4,1846-06-01
1846,7,98.2,1846-07-01
1846,8,136.1,1846-08-01
1846,9,79.3,1846-09-01
1846,10,156.2,1846-10-01
1846,11,120.7,1846-11-01
1846,12,43.8,1846-12-01
1847,1,113.2,1847-01-01
1847,2,67.9,1847-02-01
1847,3,54.5,1847-03-01
1847,4,88.5,1847-04-01
1847,5,111.1,1847-05-01
1847,6,47.3,1847-06-01
1847,7,39.1,1847-07-01
1847,8,48.4,1847-08-01
1847,9,66.9,1847-09-01
1847,10,86.4,1847-10-01
1847,11,113.2,1847-11-01
1847,12,192.4,1847-12-01
1848,1,79.4,1848-01-01
1848,2,144.7,1848-02-01
1848,3,93.7,1848-03-01
1848,4,97.2,1848-04-01
1848,5,37.9,1848-05-01
1848,6,98.4,1848-06-01
1848,7,88.9,1848-07-01
1848,8,170.7,1848-08-01
1848,9,77.1,1848-09-01
1848,10,119.8,1848-10-01
1848,11,64.0,1848-11-01
1848,12,113.8,1848-12-01
1849,1,114.5,1849-01-01
1849,2,45.4,1849-02-01
1849,3,37.8,1849-03-01
1849,4,103.7,1849-04-01
1849,5,82.1,1849-05-01
1849,6,19.4,1849-06-01
1849,7,86.4,1849-07-01
1849,8,103.7,1849-08-01
1849,9,142.5,1849-09-01
1849,10,130.7,1849-10-01
1849,11,93.9,1849-11-01
1849,12,119.9,1849-12-01
1850,1,113.5,1850-01-01
1850,2,86.4,1850-02-01
1850,3,38.6,1850-03-01
1850,4,138.3,1850-04-01
1850,5,59.7,1850-05-01
1850,6,54.5,1850-06-01
1850,7,103.4,1850-07-01
1850,8,76.3,1850-08-01
1850,9,70.5,1850-09-01
1850,10,62.7,1850-10-01
1850,11,113.1,1850-11-01
1850,12,104.0,1850-12-01
1851,1,195.0,1851-01-01
1851,2,55.2,1851-02-01
1851,3,79.9,1851-03-01
1851,4,54.7,1851-04-01
1851,5,45.0,1851-05-01
1851,6,101.5,1851-06-01
1851,7,90.3,1851-07-01
1851,8,96.6,1851-08-01
1851,9,49.4,1851-09-01
1851,10,113.4,1851-10-01
1851,11,45.4,1851-11-01
1851,12,68.8,1851-12-01
1852,1,161.4,1852-01-01
1852,2,92.4,1852-02-01
1852,3,44.6,1852-03-01
1852,4,44.4,1852-04-01
1852,5,70.2,1852-05-01
1852,6,179.4,1852-06-01
1852,7,68.6,1852-07-01
1852,8,110.1,1852-08-01
1852,9,57.3,1852-09-01
1852,10,88.7,1852-10-01
1852,11,223.2,1852-11-01
1852,12,208.2,1852-12-01
1853,1,144.7,1853-01-01
1853,2,43.0,1853-02-01
1853,3,83.5,1853-03-01
1853,4,75.3,1853-04-01
1853,5,33.2,1853-05-01
1853,6,77.5,1853-06-01
1853,7,100.5,1853-07-01
1853,8,82.9,1853-08-01
1853,9,60.2,1853-09-01
1853,10,185.1,1853-10-01
1853,11,106.0,1853-11-01
1853,12,48.4,1853-12-01
1854,1,138.6,1854-01-01
1854,2,36.0,1854-02-01
1854,3,37.3,1854-03-01
1854,4,18.8,1854-04-01
1854,5,100.0,1854-05-01
1854,6,110.4,1854-06-01
1854,7,102.6,1854-07-01
1854,8,60.5,1854-08-01
1854,9,47.8,1854-09-01
1854,10,77.8,1854-10-01
1854,11,74.6,1854-11-01
1854,12,94.9,1854-12-01
1855,1,16.5,1855-01-01
1855,2,59.1,1855-02-01
1855,3,86.0,1855-03-01
1855,4,36.7,1855-04-01
1855,5,79.8,1855-05-01
1855,6,68.2,1855-06-01
1855,7,84.1,1855-07-01
1855,8,105.0,1855-08-01
1855,9,50.7,1855-09-01
1855,10,103.2,1855-10-01
1855,11,49.2,1855-11-01
1855,12,87.4,1855-12-01
1856,1,111.6,1856-01-01
1856,2,82.0,1856-02-01
1856,3,35.9,1856-03-01
1856,4,76.2,1856-04-01
1856,5,124.1,1856-05-01
1856,6,59.6,1856-06-01
1856,7,44.7,1856-07-01
1856,8,87.7,1856-08-01
1856,9,91.7,1856-09-01
1856,10,82.4,1856-10-01
1856,11,39.3,1856-11-01
1856,12,115.3,1856-12-01
1857,1,97.2,1857-01-01
1857,2,56.7,1857-02-01
1857,3,98.3,1857-03-01
1857,4,118.7,1857-04-01
1857,5,53.8,1857-05-01
1857,6,81.7,1857-06-01
1857,7,59.4,1857-07-01
1857,8,66.4,1857-08-01
1857,9,90.6,1857-09-01
1857,10,80.4,1857-10-01
1857,11,95.7,1857-11-01
1857,12,64.4,1857-12-01
1858,1,61.4,1858-01-01
1858,2,69.7,1858-02-01
1858,3,51.7,1858-03-01
1858,4,143.5,1858-04-01
1858,5,86.4,1858-05-01
1858,6,43.0,1858-06-01
1858,7,83.0,1858-07-01
1858,8,69.5,1858-08-01
1858,9,85.3,1858-09-01
1858,10,83.2,1858-10-01
1858,11,68.6,1858-11-01
1858,12,141.1,1858-12-01
1859,1,89.8,1859-01-01
1859,2,51.0,1859-02-01
1859,3,90.1,1859-03-01
1859,4,106.9,1859-04-01
1859,5,16.3,1859-05-01
1859,6,36.5,1859-06-01
1859,7,63.1,1859-07-01
1859,8,90.3,1859-08-01
1859,9,132.4,1859-09-01
1859,10,76.9,1859-10-01
1859,11,120.0,1859-11-01
1859,12,115.9,1859-12-01
1860,1,164.6,1860-01-01
1860,2,52.1,1860-02-01
1860,3,86.2,1860-03-01
1860,4,56.4,1860-04-01
1860,5,101.4,1860-05-01
1860,6,154.4,1860-06-01
1860,7,68.3,1860-07-01
1860,8,152.2,1860-08-01
1860,9,52.3,1860-09-01
1860,10,76.7,1860-10-01
1860,11,90.9,1860-11-01
1860,12,88.4,1860-12-01
1861,1,88.9,1861-01-01
1861,2,90.3,1861-02-01
1861,3,120.5,1861-03-01
1861,4,36.0,1861-04-01
1861,5,18.2,1861-05-01
1861,6,99.4,1861-06-01
1861,7,164.4,1861-07-01
1861,8,165.0,1861-08-01
1861,9,174.7,1861-09-01
1861,10,99.2,1861-10-01
1861,11,114.5,1861-11-01
1861,12,78.5,1861-12-01
1862,1,158.9,1862-01-01
1862,2,41.5,1862-02-01
1862,3,104.2,1862-03-01
1862,4,100.0,1862-04-01
1862,5,100.5,1862-05-01
1862,6,91.4,1862-06-01
1862,7,100.2,1862-07-01
1862,8,76.7,1862-08-01
1862,9,63.8,1862-09-01
1862,10,152.4,1862-10-01
1862,11,87.8,1862-11-01
1862,12,126.7,1862-12-01
1863,1,104.0,1863-01-01
1863,2,47.3,1863-02-01
1863,3,100.7,1863-03-01
1863,4,55.5,1863-04-01
1863,5,59.5,1863-05-01
1863,6,83.9,1863-06-01
1863,7,26.7,1863-07-01
1863,8,124.9,1863-08-01
1863,9,114.5,1863-09-01
1863,10,172.7,1863-10-01
1863,11,124.0,1863-11-01
1863,12,94.7,1863-12-01
1864,1,79.9,1864-01-01
1864,2,51.2,1864-02-01
1864,3,88.2,1864-03-01
1864,4,45.8,1864-04-01
1864,5,52.6,1864-05-01
1864,6,80.0,1864-06-01
1864,7,39.7,1864-07-01
1864,8,54.8,1864-08-01
1864,9,96.8,1864-09-01
1864,10,97.4,1864-10-01
1864,11,156.6,1864-11-01
1864,12,81.8,1864-12-01
1865,1,120.4,1865-01-01
1865,2,92.1,1865-02-01
1865,3,78.6,1865-03-01
1865,4,36.2,1865-04-01
1865,5,111.1,1865-05-01
1865,6,26.0,1865-06-01
1865,7,85.2,1865-07-01
1865,8,126.5,1865-08-01
1865,9,29.6,1865-09-01
1865,10,144.7,1865-10-01
1865,11,161.3,1865-11-01
1865,12,127.2,1865-12-01
1866,1,146.9,1866-01-01
1866,2,84.6,1866-02-01
1866,3,100.3,1866-03-01
1866,4,68.4,1866-04-01
1866,5,46.5,1866-05-01
1866,6,89.2,1866-06-01
1866,7,47.7,1866-07-01
1866,8,112.0,1866-08-01
1866,9,129.2,1866-09-01
1866,10,69.2,1866-10-01
1866,11,89.2,1866-11-01
1866,12,118.4,1866-12-01
1867,1,104.6,1867-01-01
1867,2,89.6,1867-02-01
1867,3,83.3,1867-03-01
1867,4,97.1,1867-04-01
1867,5,106.9,1867-05-01
1867,6,33.8,1867-06-01
1867,7,99.6,1867-07-01
1867,8,85.8,1867-08-01
1867,9,71.9,1867-09-01
1867,10,144.9,1867-10-01
1867,11,32.5,1867-11-01
1867,12,62.7,1867-12-01
1868,1,132.1,1868-01-01
1868,2,80.2,1868-02-01
1868,3,104.7,1868-03-01
1868,4,69.1,1868-04-01
1868,5,69.7,1868-05-01
1868,6,35.0,1868-06-01
1868,7,40.8,1868-07-01
1868,8,130.1,1868-08-01
1868,9,91.5,1868-09-01
1868,10,92.1,1868-10-01
1868,11,109.3,1868-11-01
1868,12,192.8,1868-12-01
1869,1,149.5,1869-01-01
1869,2,101.3,1869-02-01
1869,3,76.2,1869-03-01
1869,4,73.3,1869-04-01
1869,5,95.5,1869-05-01
1869,6,28.1,1869-06-01
1869,7,62.4,1869-07-01
1869,8,42.6,1869-08-01
1869,9,159.3,1869-09-01
1869,10,41.8,1869-10-01
1869,11,103.0,1869-11-01
1869,12,142.2,1869-12-01
1870,1,106.6,1870-01-01
1870,2,79.0,1870-02-01
1870,3,60.0,1870-03-01
1870,4,41.0,1870-04-01
1870,5,74.5,1870-05-01
1870,6,31.6,1870-06-01
1870,7,41.5,1870-07-01
1870,8,60.4,1870-08-01
1870,9,81.8,1870-09-01
1870,10,207.1,1870-10-01
1870,11,69.3,1870-11-01
1870,12,76.1,1870-12-01
1871,1,125.9,1871-01-01
1871,2,93.7,1871-02-01
1871,3,69.3,1871-03-01
1871,4,106.2,1871-04-01
1871,5,26.3,1871-05-01
1871,6,81.6,1871-06-01
1871,7,148.2,1871-07-01
1871,8,74.8,1871-08-01
1871,9,83.3,1871-09-01
1871,10,111.0,1871-10-01
1871,11,80.0,1871-11-01
1871,12,76.1,1871-12-01
1872,1,152.9,1872-01-01
1872,2,117.6,1872-02-01
1872,3,89.5,1872-03-01
1872,4,69.3,1872-04-01
1872,5,56.7,1872-05-01
1872,6,110.5,1872-06-01
1872,7,88.2,1872-07-01
1872,8,115.7,1872-08-01
1872,9,124.6,1872-09-01
1872,10,140.0,1872-10-01
1872,11,145.2,1872-11-01
1872,12,194.7,1872-12-01
1873,1,160.0,1873-01-01
1873,2,43.9,1873-02-01
1873,3,91.7,1873-03-01
1873,4,38.8,1873-04-01
1873,5,57.6,1873-05-01
1873,6,50.0,1873-06-01
1873,7,134.0,1873-07-01
1873,8,151.7,1873-08-01
1873,9,94.5,1873-09-01
1873,10,112.7,1873-10-01
1873,11,75.2,1873-11-01
1873,12,35.4,1873-12-01
1874,1,81.2,1874-01-01
1874,2,80.6,1874-02-01
1874,3,54.1,1874-03-01
1874,4,62.0,1874-04-01
1874,5,38.9,1874-05-01
1874,6,43.0,1874-06-01
1874,7,82.0,1874-07-01
1874,8,120.5,1874-08-01
1874,9,107.6,1874-09-01
1874,10,137.9,1874-10-01
1874,11,118.7,1874-11-01
1874,12,122.4,1874-12-01
1875,1,166.6,1875-01-01
1875,2,53.1,1875-02-01
1875,3,40.6,1875-03-01
1875,4,35.4,1875-04-01
1875,5,67.9,1875-05-01
1875,6,94.8,1875-06-01
1875,7,79.0,1875-07-01
1875,8,81.6,1875-08-01
1875,9,149.1,1875-09-01
1875,10,173.1,1875-10-01
1875,11,118.5,1875-11-01
1875,12,66.1,1875-12-01
1876,1,56.0,1876-01-01
1876,2,134.4,1876-02-01
1876,3,111.2,1876-03-01
1876,4,81.4,1876-04-01
1876,5,20.1,1876-05-01
1876,6,51.8,1876-06-01
1876,7,51.9,1876-07-01
1876,8,103.3,1876-08-01
1876,9,125.7,1876-09-01
1876,10,134.8,1876-10-01
1876,11,131.2,1876-11-01
1876,12,205.0,1876-12-01
1877,1,170.9,1877-01-01
1877,2,74.2,1877-02-01
1877,3,86.2,1877-03-01
1877,4,118.2,1877-04-01
1877,5,76.3,1877-05-01
1877,6,83.4,1877-06-01
1877,7,82.8,1877-07-01
1877,8,141.5,1877-08-01
1877,9,79.3,1877-09-01
1877,10,136.3,1877-10-01
1877,11,162.4,1877-11-01
1877,12,118.4,1877-12-01
1878,1,94.8,1878-01-01
1878,2,62.4,1878-02-01
1878,3,46.3,1878-03-01
1878,4,75.4,1878-04-01
1878,5,122.0,1878-05-01
1878,6,133.9,1878-06-01
1878,7,40.5,1878-07-01
1878,8,114.8,1878-08-01
1878,9,92.7,1878-09-01
1878,10,107.7,1878-10-01
1878,11,66.1,1878-11-01
1878,12,67.4,1878-12-01
1879,1,101.7,1879-01-01
1879,2,120.4,1879-02-01
1879,3,55.1,1879-03-01
1879,4,70.5,1879-04-01
1879,5,71.0,1879-05-01
1879,6,155.0,1879-06-01
1879,7,119.9,1879-07-01
1879,8,122.6,1879-08-01
1879,9,121.6,1879-09-01
1879,10,47.4,1879-10-01
1879,11,28.6,1879-11-01
1879,12,56.5,1879-12-01
1880,1,47.7,1880-01-01
1880,2,107.4,1880-02-01
1880,3,91.9,1880-03-01
1880,4,100.7,1880-04-01
1880,5,37.4,1880-05-01
1880,6,88.5,1880-06-01
1880,7,146.3,1880-07-01
1880,8,52.0,1880-08-01
1880,9,84.8,1880-09-01
1880,10,85.8,1880-10-01
1880,11,133.4,1880-11-01
1880,12,99.2,1880-12-01
1881,1,36.5,1881-01-01
1881,2,118.1,1881-02-01
1881,3,103.5,1881-03-01
1881,4,45.2,1881-04-01
1881,5,66.8,1881-05-01
1881,6,128.1,1881-06-01
1881,7,69.6,1881-07-01
1881,8,130.3,1881-08-01
1881,9,74.4,1881-09-01
1881,10,103.8,1881-10-01
1881,11,146.7,1881-11-01
1881,12,125.4,1881-12-01
1882,1,80.2,1882-01-01
1882,2,94.5,1882-02-01
1882,3,84.2,1882-03-01
1882,4,117.6,1882-04-01
1882,5,77.3,1882-05-01
1882,6,97.3,1882-06-01
1882,7,138.7,1882-07-01
1882,8,90.8,1882-08-01
1882,9,91.8,1882-09-01
1882,10,115.7,1882-10-01
1882,11,148.3,1882-11-01
1882,12,116.2,1882-12-01
1883,1,167.2,1883-01-01
1883,2,174.4,1883-02-01
1883,3,49.1,1883-03-01
1883,4,66.7,1883-04-01
1883,5,62.3,1883-05-01
1883,6,59.8,1883-06-01
1883,7,108.0,1883-07-01
1883,8,109.7,1883-08-01
1883,9,134.1,1883-09-01
1883,10,99.4,1883-10-01
1883,11,127.0,1883-11-01
1883,12,57.0,1883-12-01
1884,1,145.0,1884-01-01
1884,2,156.7,1884-02-01
1884,3,117.9,1884-03-01
1884,4,45.2,1884-04-01
1884,5,71.9,1884-05-01
1884,6,26.3,1884-06-01
1884,7,94.4,1884-07-01
1884,8,49.6,1884-08-01
1884,9,72.2,1884-09-01
1884,10,73.1,1884-10-01
1884,11,97.3,1884-11-01
1884,12,116.6,1884-12-01
1885,1,98.2,1885-01-01
1885,2,127.0,1885-02-01
1885,3,75.9,1885-03-01
1885,4,90.2,1885-04-01
1885,5,72.4,1885-05-01
1885,6,30.3,1885-06-01
1885,7,56.9,1885-07-01
1885,8,84.0,1885-08-01
1885,9,144.0,1885-09-01
1885,10,115.2,1885-10-01
1885,11,74.4,1885-11-01
1885,12,46.7,1885-12-01
1886,1,112.6,1886-01-01
1886,2,82.6,1886-02-01
1886,3,100.7,1886-03-01
1886,4,62.8,1886-04-01
1886,5,111.8,1886-05-01
1886,6,44.0,1886-06-01
1886,7,103.1,1886-07-01
1886,8,75.6,1886-08-01
1886,9,109.2,1886-09-01
1886,10,150.9,1886-10-01
1886,11,91.3,1886-11-01
1886,12,146.1,1886-12-01
1887,1,102.2,1887-01-01
1887,2,47.4,1887-02-01
1887,3,45.3,1887-03-01
1887,4,49.8,1887-04-01
1887,5,38.8,1887-05-01
1887,6,14.9,1887-06-01
1887,7,71.6,1887-07-01
1887,8,84.4,1887-08-01
1887,9,85.5,1887-09-01
1887,10,69.9,1887-10-01
1887,11,94.4,1887-11-01
1887,12,84.8,1887-12-01
1888,1,89.7,1888-01-01
1888,2,25.7,1888-02-01
1888,3,98.3,1888-03-01
1888,4,55.9,1888-04-01
1888,5,76.7,1888-05-01
1888,6,121.9,1888-06-01
1888,7,139.8,1888-07-01
1888,8,88.4,1888-08-01
1888,9,33.2,1888-09-01
1888,10,65.0,1888-10-01
1888,11,129.3,1888-11-01
1888,12,142.0,1888-12-01
1889,1,90.3,1889-01-01
1889,2,81.1,1889-02-01
1889,3,50.5,1889-03-01
1889,4,74.6,1889-04-01
1889,5,102.7,1889-05-01
1889,6,28.0,1889-06-01
1889,7,63.7,1889-07-01
1889,8,160.4,1889-08-01
1889,9,55.1,1889-09-01
1889,10,135.2,1889-10-01
1889,11,57.5,1889-11-01
1889,12,109.1,1889-12-01
1890,1,143.3,1890-01-01
1890,2,45.7,1890-02-01
1890,3,97.9,1890-03-01
1890,4,45.9,1890-04-01
1890,5,75.9,1890-05-01
1890,6,88.2,1890-06-01
1890,7,73.1,1890-07-01
1890,8,84.7,1890-08-01
1890,9,85.3,1890-09-01
1890,10,65.0,1890-10-01
1890,11,171.8,1890-11-01
1890,12,70.3,1890-12-01
1891,1,58.7,1891-01-01
1891,2,10.1,1891-02-01
1891,3,48.5,1891-03-01
1891,4,61.4,1891-04-01
1891,5,87.7,1891-05-01
1891,6,74.2,1891-06-01
1891,7,53.6,1891-07-01
1891,8,161.3,1891-08-01
1891,9,82.9,1891-09-01
1891,10,141.8,1891-10-01
1891,11,103.1,1891-11-01
1891,12,158.8,1891-12-01
1892,1,70.9,1892-01-01
1892,2,81.0,1892-02-01
1892,3,27.9,1892-03-01
1892,4,32.6,1892-04-01
1892,5,112.3,1892-05-01
1892,6,70.7,1892-06-01
1892,7,90.1,1892-07-01
1892,8,164.6,1892-08-01
1892,9,101.3,1892-09-01
1892,10,89.7,1892-10-01
1892,11,134.3,1892-11-01
1892,12,74.8,1892-12-01
1893,1,88.3,1893-01-01
1893,2,102.2,1893-02-01
1893,3,23.6,1893-03-01
1893,4,29.8,1893-04-01
1893,5,50.0,1893-05-01
1893,6,53.2,1893-06-01
1893,7,74.2,1893-07-01
1893,8,113.7,1893-08-01
1893,9,58.2,1893-09-01
1893,10,81.4,1893-10-01
1893,11,65.3,1893-11-01
1893,12,116.7,1893-12-01
1894,1,131.9,1894-01-01
1894,2,94.9,1894-02-01
1894,3,62.2,1894-03-01
1894,4,107.6,1894-04-01
1894,5,72.3,1894-05-01
1894,6,62.8,1894-06-01
1894,7,114.1,1894-07-01
1894,8,88.7,1894-08-01
1894,9,16.3,1894-09-01
1894,10,123.3,1894-10-01
1894,11,116.4,1894-11-01
1894,12,97.2,1894-12-01
1895,1,103.4,1895-01-01
1895,2,29.8,1895-02-01
1895,3,99.5,1895-03-01
1895,4,57.7,1895-04-01
1895,5,18.3,1895-05-01
1895,6,59.2,1895-06-01
1895,7,124.4,1895-07-01
1895,8,139.0,1895-08-01
1895,9,28.5,1895-09-01
1895,10,104.3,1895-10-01
1895,11,141.8,1895-11-01
1895,12,155.0,1895-12-01
1896,1,48.8,1896-01-01
1896,2,56.5,1896-02-01
1896,3,119.7,1896-03-01
1896,4,35.5,1896-04-01
1896,5,11.2,1896-05-01
1896,6,70.7,1896-06-01
1896,7,148.5,1896-07-01
1896,8,59.9,1896-08-01
1896,9,159.2,1896-09-01
1896,10,101.0,1896-10-01
1896,11,34.8,1896-11-01
1896,12,165.6,1896-12-01
1897,1,73.1,1897-01-01
1897,2,72.5,1897-02-01
1897,3,147.3,1897-03-01
1897,4,112.0,1897-04-01
1897,5,47.8,1897-05-01
1897,6,119.6,1897-06-01
1897,7,60.6,1897-07-01
1897,8,149.4,1897-08-01
1897,9,77.3,1897-09-01
1897,10,90.1,1897-10-01
1897,11,127.6,1897-11-01
1897,12,139.9,1897-12-01
1898,1,78.5,1898-01-01
1898,2,79.1,1898-02-01
1898,3,34.1,1898-03-01
1898,4,109.8,1898-04-01
1898,5,89.4,1898-05-01
1898,6,77.7,1898-06-01
1898,7,31.9,1898-07-01
1898,8,132.8,1898-08-01
1898,9,88.4,1898-09-01
1898,10,123.5,1898-10-01
1898,11,122.7,1898-11-01
1898,12,95.1,1898-12-01
1899,1,133.4,1899-01-01
1899,2,100.1,1899-02-01
1899,3,52.7,1899-03-01
1899,4,98.6,1899-04-01
1899,5,87.8,1899-05-01
1899,6,60.3,1899-06-01
1899,7,77.0,1899-07-01
1899,8,67.9,1899-08-01
1899,9,82.4,1899-09-01
1899,10,57.9,1899-10-01
1899,11,92.9,1899-11-01
1899,12,184.8,1899-12-01
1900,1,114.4,1900-01-01
1900,2,108.9,1900-02-01
1900,3,26.1,1900-03-01
1900,4,67.5,1900-04-01
1900,5,79.9,1900-05-01
1900,6,118.2,1900-06-01
1900,7,75.7,1900-07-01
1900,8,135.3,1900-08-01
1900,9,46.7,1900-09-01
1900,10,133.9,1900-10-01
1900,11,166.8,1900-11-01
1900,12,144.3,1900-12-01
1901,1,108.7,1901-01-01
1901,2,42.9,1901-02-01
1901,3,80.6,1901-03-01
1901,4,81.1,1901-04-01
1901,5,49.1,1901-05-01
1901,6,75.6,1901-06-01
1901,7,33.3,1901-07-01
1901,8,98.6,1901-08-01
1901,9,133.6,1901-09-01
1901,10,107.6,1901-10-01
1901,11,96.4,1901-11-01
1901,12,118.5,1901-12-01
1902,1,70.9,1902-01-01
1902,2,83.5,1902-02-01
1902,3,67.2,1902-03-01
1902,4,73.1,1902-04-01
1902,5,69.5,1902-05-01
1902,6,74.0,1902-06-01
1902,7,80.7,1902-07-01
1902,8,76.2,1902-08-01
1902,9,86.8,1902-09-01
1902,10,69.9,1902-10-01
1902,11,144.8,1902-11-01
1902,12,96.4,1902-12-01
1903,1,161.1,1903-01-01
1903,2,97.8,1903-02-01
1903,3,168.6,1903-03-01
1903,4,49.1,1903-04-01
1903,5,70.7,1903-05-01
1903,6,68.1,1903-06-01
1903,7,129.9,1903-07-01
1903,8,150.5,1903-08-01
1903,9,106.0,1903-09-01
1903,10,156.0,1903-10-01
1903,11,73.2,1903-11-01
1903,12,104.2,1903-12-01
1904,1,120.1,1904-01-01
1904,2,133.1,1904-02-01
1904,3,77.1,1904-03-01
1904,4,60.5,1904-04-01
1904,5,65.3,1904-05-01
1904,6,54.8,1904-06-01
1904,7,99.8,1904-07-01
1904,8,114.2,1904-08-01
1904,9,96.1,1904-09-01
1904,10,64.9,1904-10-01
1904,11,75.2,1904-11-01
1904,12,83.1,1904-12-01
1905,1,75.3,1905-01-01
1905,2,54.1,1905-02-01
1905,3,135.1,1905-03-01
1905,4,77.9,1905-04-01
1905,5,37.3,1905-05-01
1905,6,55.5,1905-06-01
1905,7,49.2,1905-07-01
1905,8,157.4,1905-08-01
1905,9,52.7,1905-09-01
1905,10,47.7,1905-10-01
1905,11,113.9,1905-11-01
1905,12,75.8,1905-12-01
1906,1,135.2,1906-01-01
1906,2,84.4,1906-02-01
1906,3,67.6,1906-03-01
1906,4,52.4,1906-04-01
1906,5,99.0,1906-05-01
1906,6,49.0,1906-06-01
1906,7,64.8,1906-07-01
1906,8,87.1,1906-08-01
1906,9,34.5,1906-09-01
1906,10,131.7,1906-10-01
1906,11,72.5,1906-11-01
1906,12,90.0,1906-12-01
1907,1,47.0,1907-01-01
1907,2,63.6,1907-02-01
1907,3,75.6,1907-03-01
1907,4,75.9,1907-04-01
1907,5,104.7,1907-05-01
1907,6,111.4,1907-06-01
1907,7,69.7,1907-07-01
1907,8,95.8,1907-08-01
1907,9,40.0,1907-09-01
1907,10,140.7,1907-10-01
1907,11,92.7,1907-11-01
1907,12,130.3,1907-12-01
1908,1,84.4,1908-01-01
1908,2,67.2,1908-02-01
1908,3,106.3,1908-03-01
1908,4,67.0,1908-04-01
1908,5,74.4,1908-05-01
1908,6,51.0,1908-06-01
1908,7,81.3,1908-07-01
1908,8,97.7,1908-08-01
1908,9,151.4,1908-09-01
1908,10,60.5,1908-10-01
1908,11,73.7,1908-11-01
1908,12,116.4,1908-12-01
1909,1,72.8,1909-01-01
1909,2,53.1,1909-02-01
1909,3,91.9,1909-03-01
1909,4,128.0,1909-04-01
1909,5,52.0,1909-05-01
1909,6,53.6,1909-06-01
1909,7,75.7,1909-07-01
1909,8,40.4,1909-08-01
1909,9,63.1,1909-09-01
1909,10,158.4,1909-10-01
1909,11,49.7,1909-11-01
1909,12,120.8,1909-12-01
1910,1,101.1,1910-01-01
1910,2,145.4,1910-02-01
1910,3,67.5,1910-03-01
1910,4,67.6,1910-04-01
1910,5,65.0,1910-05-01
1910,6,108.8,1910-06-01
1910,7,88.8,1910-07-01
1910,8,155.0,1910-08-01
1910,9,28.7,1910-09-01
1910,10,69.9,1910-10-01
1910,11,114.7,1910-11-01
1910,12,115.7,1910-12-01
1911,1,46.7,1911-01-01
1911,2,81.8,1911-02-01
1911,3,56.6,1911-03-01
1911,4,67.2,1911-04-01
1911,5,56.2,1911-05-01
1911,6,55.1,1911-06-01
1911,7,80.3,1911-07-01
1911,8,65.2,1911-08-01
1911,9,73.4,1911-09-01
1911,10,110.6,1911-10-01
1911,11,130.9,1911-11-01
1911,12,195.3,1911-12-01
1912,1,114.2,1912-01-01
1912,2,105.3,1912-02-01
1912,3,122.6,1912-03-01
1912,4,34.5,1912-04-01
1912,5,38.5,1912-05-01
1912,6,144.5,1912-06-01
1912,7,117.3,1912-07-01
1912,8,133.5,1912-08-01
1912,9,25.2,1912-09-01
1912,10,84.2,1912-10-01
1912,11,75.4,1912-11-01
1912,12,128.7,1912-12-01
1913,1,173.0,1913-01-01
1913,2,53.2,1913-02-01
1913,3,106.6,1913-03-01
1913,4,104.9,1913-04-01
1913,5,114.2,1913-05-01
1913,6,71.8,1913-06-01
1913,7,24.3,1913-07-01
1913,8,37.1,1913-08-01
1913,9,107.1,1913-09-01
1913,10,124.3,1913-10-01
1913,11,120.4,1913-11-01
1913,12,80.7,1913-12-01
1914,1,59.6,1914-01-01
1914,2,149.9,1914-02-01
1914,3,125.5,1914-03-01
1914,4,45.8,1914-04-01
1914,5,52.1,1914-05-01
1914,6,31.5,1914-06-01
1914,7,85.4,1914-07-01
1914,8,125.8,1914-08-01
1914,9,62.7,1914-09-01
1914,10,56.3,1914-10-01
1914,11,117.7,1914-11-01
1914,12,211.0,1914-12-01
1915,1,102.7,1915-01-01
1915,2,140.3,1915-02-01
1915,3,31.1,1915-03-01
1915,4,55.7,1915-04-01
1915,5,47.3,1915-05-01
1915,6,48.9,1915-06-01
1915,7,134.2,1915-07-01
1915,8,83.2,1915-08-01
1915,9,49.4,1915-09-01
1915,10,118.4,1915-10-01
1915,11,89.2,1915-11-01
1915,12,170.3,1915-12-01
1916,1,75.5,1916-01-01
1916,2,122.5,1916-02-01
1916,3,58.6,1916-03-01
1916,4,94.8,1916-04-01
1916,5,113.8,1916-05-01
1916,6,66.3,1916-06-01
1916,7,59.6,1916-07-01
1916,8,84.5,1916-08-01
1916,9,55.2,1916-09-01
1916,10,206.2,1916-10-01
1916,11,162.9,1916-11-01
1916,12,93.6,1916-12-01
1917,1,62.1,1917-01-01
1917,2,48.4,1917-02-01
1917,3,83.2,1917-03-01
1917,4,48.5,1917-04-01
1917,5,87.6,1917-05-01
1917,6,60.3,1917-06-01
1917,7,67.9,1917-07-01
1917,8,195.7,1917-08-01
1917,9,56.7,1917-09-01
1917,10,139.6,1917-10-01
1917,11,99.3,1917-11-01
1917,12,71.2,1917-12-01
1918,1,102.0,1918-01-01
1918,2,124.1,1918-02-01
1918,3,53.0,1918-03-01
1918,4,38.9,1918-04-01
1918,5,64.3,1918-05-01
1918,6,45.5,1918-06-01
1918,7,100.4,1918-07-01
1918,8,76.3,1918-08-01
1918,9,174.0,1918-09-01
1918,10,120.7,1918-10-01
1918,11,97.4,1918-11-01
1918,12,145.2,1918-12-01
1919,1,116.6,1919-01-01
1919,2,64.3,1919-02-01
1919,3,80.7,1919-03-01
1919,4,48.8,1919-04-01
1919,5,78.7,1919-05-01
1919,6,66.3,1919-06-01
1919,7,34.3,1919-07-01
1919,8,82.0,1919-08-01
1919,9,73.6,1919-09-01
1919,10,38.0,1919-10-01
1919,11,73.2,1919-11-01
1919,12,160.9,1919-12-01
1920,1,144.3,1920-01-01
1920,2,66.9,1920-02-01
1920,3,102.0,1920-03-01
1920,4,102.6,1920-04-01
1920,5,103.5,1920-05-01
1920,6,53.7,1920-06-01
1920,7,125.4,1920-07-01
1920,8,70.3,1920-08-01
1920,9,66.5,1920-09-01
1920,10,130.4,1920-10-01
1920,11,105.1,1920-11-01
1920,12,104.1,1920-12-01
1921,1,110.5,1921-01-01
1921,2,47.2,1921-02-01
1921,3,94.7,1921-03-01
1921,4,26.1,1921-04-01
1921,5,60.5,1921-05-01
1921,6,8.4,1921-06-01
1921,7,106.6,1921-07-01
1921,8,112.5,1921-08-01
1921,9,41.6,1921-09-01
1921,10,86.3,1921-10-01
1921,11,110.8,1921-11-01
1921,12,91.8,1921-12-01
1922,1,120.5,1922-01-01
1922,2,108.7,1922-02-01
1922,3,58.8,1922-03-01
1922,4,82.1,1922-04-01
1922,5,49.6,1922-05-01
1922,6,46.9,1922-06-01
1922,7,93.6,1922-07-01
1922,8,111.6,1922-08-01
1922,9,88.5,1922-09-01
1922,10,39.1,1922-10-01
1922,11,50.6,1922-11-01
1922,12,111.0,1922-12-01
1923,1,82.9,1923-01-01
1923,2,174.1,1923-02-01
1923,3,70.5,1923-03-01
1923,4,97.2,1923-04-01
1923,5,46.2,1923-05-01
1923,6,29.1,1923-06-01
1923,7,79.3,1923-07-01
1923,8,156.8,1923-08-01
1923,9,108.4,1923-09-01
1923,10,123.1,1923-10-01
1923,11,97.6,1923-11-01
1923,12,98.9,1923-12-01
1924,1,152.6,1924-01-01
1924,2,48.3,1924-02-01
1924,3,36.1,1924-03-01
1924,4,86.5,1924-04-01
1924,5,104.3,1924-05-01
1924,6,98.3,1924-06-01
1924,7,107.8,1924-07-01
1924,8,118.7,1924-08-01
1924,9,164.0,1924-09-01
1924,10,100.4,1924-10-01
1924,11,111.1,1924-11-01
1924,12,165.7,1924-12-01
1925,1,118.0,1925-01-01
1925,2,123.0,1925-02-01
1925,3,27.0,1925-03-01
1925,4,106.5,1925-04-01
1925,5,132.2,1925-05-01
1925,6,15.6,1925-06-01
1925,7,89.3,1925-07-01
1925,8,72.8,1925-08-01
1925,9,76.4,1925-09-01
1925,10,105.5,1925-10-01
1925,11,73.1,1925-11-01
1925,12,85.7,1925-12-01
1926,1,183.1,1926-01-01
1926,2,90.9,1926-02-01
1926,3,42.4,1926-03-01
1926,4,63.3,1926-04-01
1926,5,84.9,1926-05-01
1926,6,76.3,1926-06-01
1926,7,79.8,1926-07-01
1926,8,88.3,1926-08-01
1926,9,59.1,1926-09-01
1926,10,92.0,1926-10-01
1926,11,145.4,1926-11-01
1926,12,31.1,1926-12-01
1927,1,127.3,1927-01-01
1927,2,72.7,1927-02-01
1927,3,109.5,1927-03-01
1927,4,48.6,1927-04-01
1927,5,47.7,1927-05-01
1927,6,93.3,1927-06-01
1927,7,97.4,1927-07-01
1927,8,138.8,1927-08-01
1927,9,115.0,1927-09-01
1927,10,87.5,1927-10-01
1927,11,101.7,1927-11-01
1927,12,105.1,1927-12-01
1928,1,155.0,1928-01-01
1928,2,101.2,1928-02-01
1928,3,131.9,1928-03-01
1928,4,68.1,1928-04-01
1928,5,45.5,1928-05-01
1928,6,144.8,1928-06-01
1928,7,50.6,1928-07-01
1928,8,138.9,1928-08-01
1928,9,67.5,1928-09-01
1928,10,172.5,1928-10-01
1928,11,146.1,1928-11-01
1928,12,115.0,1928-12-01
1929,1,56.4,1929-01-01
1929,2,135.2,1929-02-01
1929,3,20.0,1929-03-01
1929,4,34.2,1929-04-01
1929,5,76.3,1929-05-01
1929,6,57.5,1929-06-01
1929,7,100.1,1929-07-01
1929,8,117.3,1929-08-01
1929,9,32.1,1929-09-01
1929,10,125.9,1929-10-01
1929,11,160.9,1929-11-01
1929,12,219.1,1929-12-01
1930,1,155.5,1930-01-01
1930,2,28.8,1930-02-01
1930,3,125.3,1930-03-01
1930,4,53.1,1930-04-01
1930,5,53.3,1930-05-01
1930,6,59.4,1930-06-01
1930,7,89.4,1930-07-01
1930,8,158.7,1930-08-01
1930,9,115.6,1930-09-01
1930,10,160.5,1930-10-01
1930,11,121.2,1930-11-01
1930,12,117.1,1930-12-01
1931,1,83.4,1931-01-01
1931,2,82.9,1931-02-01
1931,3,95.2,1931-03-01
1931,4,78.3,1931-04-01
1931,5,117.7,1931-05-01
1931,6,116.8,1931-06-01
1931,7,103.6,1931-07-01
1931,8,86.2,1931-08-01
1931,9,77.7,1931-09-01
1931,10,55.6,1931-10-01
1931,11,197.5,1931-11-01
1931,12,77.1,1931-12-01
1932,1,122.0,1932-01-01
1932,2,7.3,1932-02-01
1932,3,62.1,1932-03-01
1932,4,86.3,1932-04-01
1932,5,89.7,1932-05-01
1932,6,40.8,1932-06-01
1932,7,119.5,1932-07-01
1932,8,62.2,1932-08-01
1932,9,84.1,1932-09-01
1932,10,111.4,1932-10-01
1932,11,61.7,1932-11-01
1932,12,167.0,1932-12-01
1933,1,93.3,1933-01-01
1933,2,87.8,1933-02-01
1933,3,84.5,1933-03-01
1933,4,44.7,1933-04-01
1933,5,84.3,1933-05-01
1933,6,66.2,1933-06-01
1933,7,76.3,1933-07-01
1933,8,52.1,1933-08-01
1933,9,33.9,1933-09-01
1933,10,87.9,1933-10-01
1933,11,50.5,1933-11-01
1933,12,59.6,1933-12-01
1934,1,108.1,1934-01-01
1934,2,8.3,1934-02-01
1934,3,94.9,1934-03-01
1934,4,80.6,1934-04-01
1934,5,69.1,1934-05-01
1934,6,51.3,1934-06-01
1934,7,54.4,1934-07-01
1934,8,125.9,1934-08-01
1934,9,160.9,1934-09-01
1934,10,118.3,1934-10-01
1934,11,43.8,1934-11-01
1934,12,188.4,1934-12-01
1935,1,41.4,1935-01-01
1935,2,103.1,1935-02-01
1935,3,45.5,1935-03-01
1935,4,84.1,1935-04-01
1935,5,33.2,1935-05-01
1935,6,133.9,1935-06-01
1935,7,27.4,1935-07-01
1935,8,71.5,1935-08-01
1935,9,155.6,1935-09-01
1935,10,114.4,1935-10-01
1935,11,128.1,1935-11-01
1935,12,86.5,1935-12-01
1936,1,144.0,1936-01-01
1936,2,83.2,1936-02-01
1936,3,73.8,1936-03-01
1936,4,49.0,1936-04-01
1936,5,38.6,1936-05-01
1936,6,89.2,1936-06-01
1936,7,169.5,1936-07-01
1936,8,44.5,1936-08-01
1936,9,106.4,1936-09-01
1936,10,73.3,1936-10-01
1936,11,110.2,1936-11-01
1936,12,127.3,1936-12-01
1937,1,174.9,1937-01-01
1937,2,137.3,1937-02-01
1937,3,94.3,1937-03-01
1937,4,82.4,1937-04-01
1937,5,55.5,1937-05-01
1937,6,47.6,1937-06-01
1937,7,117.1,1937-07-01
1937,8,70.8,1937-08-01
1937,9,102.9,1937-09-01
1937,10,68.6,1937-10-01
1937,11,69.2,1937-11-01
1937,12,77.2,1937-12-01
1938,1,131.4,1938-01-01
1938,2,58.7,1938-02-01
1938,3,47.5,1938-03-01
1938,4,5.3,1938-04-01
1938,5,99.6,1938-05-01
1938,6,102.2,1938-06-01
1938,7,134.1,1938-07-01
1938,8,89.4,1938-08-01
1938,9,75.9,1938-09-01
1938,10,176.0,1938-10-01
1938,11,159.3,1938-11-01
1938,12,124.0,1938-12-01
1939,1,130.0,1939-01-01
1939,2,96.9,1939-02-01
1939,3,79.7,1939-03-01
1939,4,48.2,1939-04-01
1939,5,30.4,1939-05-01
1939,6,59.8,1939-06-01
1939,7,119.1,1939-07-01
1939,8,50.4,1939-08-01
1939,9,59.1,1939-09-01
1939,10,86.0,1939-10-01
1939,11,193.5,1939-11-01
1939,12,84.0,1939-12-01
1940,1,106.2,1940-01-01
1940,2,127.5,1940-02-01
1940,3,95.0,1940-03-01
1940,4,97.9,1940-04-01
1940,5,47.8,1940-05-01
1940,6,35.5,1940-06-01
1940,7,95.2,1940-07-01
1940,8,18.2,1940-08-01
1940,9,65.3,1940-09-01
1940,10,177.0,1940-10-01
1940,11,139.4,1940-11-01
1940,12,114.6,1940-12-01
1941,1,106.3,1941-01-01
1941,2,107.6,1941-02-01
1941,3,86.8,1941-03-01
1941,4,45.4,1941-04-01
1941,5,68.9,1941-05-01
1941,6,25.2,1941-06-01
1941,7,75.4,1941-07-01
1941,8,93.6,1941-08-01
1941,9,32.0,1941-09-01
1941,10,92.3,1941-10-01
1941,11,167.5,1941-11-01
1941,12,62.4,1941-12-01
1942,1,150.3,1942-01-01
1942,2,39.2,1942-02-01
1942,3,97.6,1942-03-01
1942,4,62.5,1942-04-01
1942,5,112.8,1942-05-01
1942,6,13.1,1942-06-01
1942,7,93.3,1942-07-01
1942,8,124.7,1942-08-01
1942,9,116.0,1942-09-01
1942,10,66.1,1942-10-01
1942,11,24.2,1942-11-01
1942,12,140.1,1942-12-01
1943,1,175.8,1943-01-01
1943,2,55.2,1943-02-01
1943,3,33.5,1943-03-01
1943,4,54.9,1943-04-01
1943,5,103.5,1943-05-01
1943,6,80.3,1943-06-01
1943,7,61.8,1943-07-01
1943,8,119.4,1943-08-01
1943,9,96.4,1943-09-01
1943,10,125.7,1943-10-01
1943,11,80.6,1943-11-01
1943,12,72.3,1943-12-01
1944,1,108.9,1944-01-01
1944,2,36.9,1944-02-01
1944,3,16.9,1944-03-01
1944,4,68.4,1944-04-01
1944,5,45.6,1944-05-01
1944,6,58.2,1944-06-01
1944,7,97.1,1944-07-01
1944,8,77.5,1944-08-01
1944,9,132.9,1944-09-01
1944,10,139.1,1944-10-01
1944,11,160.3,1944-11-01
1944,12,120.9,1944-12-01
1945,1,88.2,1945-01-01
1945,2,102.8,1945-02-01
1945,3,42.3,1945-03-01
1945,4,43.0,1945-04-01
1945,5,98.5,1945-05-01
1945,6,108.8,1945-06-01
1945,7,114.4,1945-07-01
1945,8,59.1,1945-08-01
1945,9,92.1,1945-09-01
1945,10,105.4,1945-10-01
1945,11,34.2,1945-11-01
1945,12,137.4,1945-12-01
1946,1,125.4,1946-01-01
1946,2,88.0,1946-02-01
1946,3,59.2,1946-03-01
1946,4,34.1,1946-04-01
1946,5,64.7,1946-05-01
1946,6,99.3,1946-06-01
1946,7,88.1,1946-07-01
1946,8,150.8,1946-08-01
1946,9,162.9,1946-09-01
1946,10,68.7,1946-10-01
1946,11,136.6,1946-11-01
1946,12,136.3,1946-12-01
1947,1,135.9,1947-01-01
1947,2,71.9,1947-02-01
1947,3,184.8,1947-03-01
1947,4,104.9,1947-04-01
1947,5,115.2,1947-05-01
1947,6,122.9,1947-06-01
1947,7,92.0,1947-07-01
1947,8,27.8,1947-08-01
1947,9,79.7,1947-09-01
1947,10,71.7,1947-10-01
1947,11,134.6,1947-11-01
1947,12,106.0,1947-12-01
1948,1,200.5,1948-01-01
1948,2,67.6,1948-02-01
1948,3,74.8,1948-03-01
1948,4,65.5,1948-04-01
1948,5,59.9,1948-05-01
1948,6,91.0,1948-06-01
1948,7,70.8,1948-07-01
1948,8,98.2,1948-08-01
1948,9,93.6,1948-09-01
1948,10,106.8,1948-10-01
1948,11,94.0,1948-11-01
1948,12,199.0,1948-12-01
1949,1,71.6,1949-01-01
1949,2,71.5,1949-02-01
1949,3,57.5,1949-03-01
1949,4,75.9,1949-04-01
1949,5,60.9,1949-05-01
1949,6,30.8,1949-06-01
1949,7,62.3,1949-07-01
1949,8,104.1,1949-08-01
1949,9,63.4,1949-09-01
1949,10,157.2,1949-10-01
1949,11,102.5,1949-11-01
1949,12,115.2,1949-12-01
1950,1,68.8,1950-01-01
1950,2,138.7,1950-02-01
1950,3,57.6,1950-03-01
1950,4,89.0,1950-04-01
1950,5,31.8,1950-05-01
1950,6,61.2,1950-06-01
1950,7,126.1,1950-07-01
1950,8,152.1,1950-08-01
1950,9,164.1,1950-09-01
1950,10,88.3,1950-10-01
1950,11,93.5,1950-11-01
1950,12,99.2,1950-12-01
1951,1,125.4,1951-01-01
1951,2,98.6,1951-02-01
1951,3,85.8,1951-03-01
1951,4,49.7,1951-04-01
1951,5,56.6,1951-05-01
1951,6,53.6,1951-06-01
1951,7,68.9,1951-07-01
1951,8,134.6,1951-08-01
1951,9,128.7,1951-09-01
1951,10,53.3,1951-10-01
1951,11,153.6,1951-11-01
1951,12,162.3,1951-12-01
1952,1,127.0,1952-01-01
1952,2,24.9,1952-02-01
1952,3,67.6,1952-03-01
1952,4,64.3,1952-04-01
1952,5,65.2,1952-05-01
1952,6,63.5,1952-06-01
1952,7,33.0,1952-07-01
1952,8,100.0,1952-08-01
1952,9,53.6,1952-09-01
1952,10,145.7,1952-10-01
1952,11,79.7,1952-11-01
1952,12,104.7,1952-12-01
1953,1,40.3,1953-01-01
1953,2,47.5,1953-02-01
1953,3,19.9,1953-03-01
1953,4,72.9,1953-04-01
1953,5,59.8,1953-05-01
1953,6,43.6,1953-06-01
1953,7,129.0,1953-07-01
1953,8,96.0,1953-08-01
1953,9,107.8,1953-09-01
1953,10,88.0,1953-10-01
1953,11,104.3,1953-11-01
1953,12,87.8,1953-12-01
1954,1,79.4,1954-01-01
1954,2,117.0,1954-02-01
1954,3,101.5,1954-03-01
1954,4,28.7,1954-04-01
1954,5,104.3,1954-05-01
1954,6,65.9,1954-06-01
1954,7,89.4,1954-07-01
1954,8,79.1,1954-08-01
1954,9,129.3,1954-09-01
1954,10,173.9,1954-10-01
1954,11,145.0,1954-11-01
1954,12,128.0,1954-12-01
1955,1,111.9,1955-01-01
1955,2,100.7,1955-02-01
1955,3,39.6,1955-03-01
1955,4,71.5,1955-04-01
1955,5,91.7,1955-05-01
1955,6,129.2,1955-06-01
1955,7,18.9,1955-07-01
1955,8,47.1,1955-08-01
1955,9,83.0,1955-09-01
1955,10,58.9,1955-10-01
1955,11,87.7,1955-11-01
1955,12,138.8,1955-12-01
1956,1,106.8,1956-01-01
1956,2,35.2,1956-02-01
1956,3,86.4,1956-03-01
1956,4,29.2,1956-04-01
1956,5,44.7,1956-05-01
1956,6,78.1,1956-06-01
1956,7,119.8,1956-07-01
1956,8,141.2,1956-08-01
1956,9,122.6,1956-09-01
1956,10,73.9,1956-10-01
1956,11,66.7,1956-11-01
1956,12,161.5,1956-12-01
1957,1,127.1,1957-01-01
1957,2,92.4,1957-02-01
1957,3,128.7,1957-03-01
1957,4,33.1,1957-04-01
1957,5,59.5,1957-05-01
1957,6,47.1,1957-06-01
1957,7,100.2,1957-07-01
1957,8,87.9,1957-08-01
1957,9,166.0,1957-09-01
1957,10,110.1,1957-10-01
1957,11,44.0,1957-11-01
1957,12,112.7,1957-12-01
1958,1,131.4,1958-01-01
1958,2,121.0,1958-02-01
1958,3,81.3,1958-03-01
1958,4,34.5,1958-04-01
1958,5,110.0,1958-05-01
1958,6,127.9,1958-06-01
1958,7,121.2,1958-07-01
1958,8,141.8,1958-08-01
1958,9,139.9,1958-09-01
1958,10,71.9,1958-10-01
1958,11,69.1,1958-11-01
1958,12,130.9,1958-12-01
1959,1,84.7,1959-01-01
1959,2,30.3,1959-02-01
1959,3,95.7,1959-03-01
1959,4,83.5,1959-04-01
1959,5,54.9,1959-05-01
1959,6,62.9,1959-06-01
1959,7,63.1,1959-07-01
1959,8,32.2,1959-08-01
1959,9,38.2,1959-09-01
1959,10,146.0,1959-10-01
1959,11,121.9,1959-11-01
1959,12,201.8,1959-12-01
1960,1,116.1,1960-01-01
1960,2,95.6,1960-02-01
1960,3,83.4,1960-03-01
1960,4,74.5,1960-04-01
1960,5,69.8,1960-05-01
1960,6,71.5,1960-06-01
1960,7,144.9,1960-07-01
1960,8,119.4,1960-08-01
1960,9,119.5,1960-09-01
1960,10,140.2,1960-10-01
1960,11,167.1,1960-11-01
1960,12,126.1,1960-12-01
1961,1,156.4,1961-01-01
1961,2,93.5,1961-02-01
1961,3,21.9,1961-03-01
1961,4,135.6,1961-04-01
1961,5,52.1,1961-05-01
1961,6,48.1,1961-06-01
1961,7,81.3,1961-07-01
1961,8,71.7,1961-08-01
1961,9,123.4,1961-09-01
1961,10,118.3,1961-10-01
1961,11,76.3,1961-11-01
1961,12,89.5,1961-12-01
1962,1,127.4,1962-01-01
1962,2,47.0,1962-02-01
1962,3,89.7,1962-03-01
1962,4,64.5,1962-04-01
1962,5,77.2,1962-05-01
1962,6,46.1,1962-06-01
1962,7,70.6,1962-07-01
1962,8,112.1,1962-08-01
1962,9,145.9,1962-09-01
1962,10,52.7,1962-10-01
1962,11,80.7,1962-11-01
1962,12,102.9,1962-12-01
1963,1,29.2,1963-01-01
1963,2,67.0,1963-02-01
1963,3,142.0,1963-03-01
1963,4,77.4,1963-04-01
1963,5,69.9,1963-05-01
1963,6,70.3,1963-06-01
1963,7,70.8,1963-07-01
1963,8,103.8,1963-08-01
1963,9,66.1,1963-09-01
1963,10,129.9,1963-10-01
1963,11,170.6,1963-11-01
1963,12,52.3,1963-12-01
1964,1,43.1,1964-01-01
1964,2,64.5,1964-02-01
1964,3,130.6,1964-03-01
1964,4,72.7,1964-04-01
1964,5,79.7,1964-05-01
1964,6,82.1,1964-06-01
1964,7,72.1,1964-07-01
1964,8,110.8,1964-08-01
1964,9,75.4,1964-09-01
1964,10,109.3,1964-10-01
1964,11,71.5,1964-11-01
1964,12,142.5,1964-12-01
1965,1,139.4,1965-01-01
1965,2,9.8,1965-02-01
1965,3,95.8,1965-03-01
1965,4,81.1,1965-04-01
1965,5,82.3,1965-05-01
1965,6,104.3,1965-06-01
1965,7,86.4,1965-07-01
1965,8,93.8,1965-08-01
1965,9,96.1,1965-09-01
1965,10,68.7,1965-10-01
1965,11,161.1,1965-11-01
1965,12,159.7,1965-12-01
1966,1,116.5,1966-01-01
1966,2,173.8,1966-02-01
1966,3,57.8,1966-03-01
1966,4,143.2,1966-04-01
1966,5,87.5,1966-05-01
1966,6,104.0,1966-06-01
1966,7,51.7,1966-07-01
1966,8,80.6,1966-08-01
1966,9,83.9,1966-09-01
1966,10,146.4,1966-10-01
1966,11,72.4,1966-11-01
1966,12,121.4,1966-12-01
1967,1,84.6,1967-01-01
1967,2,109.3,1967-02-01
1967,3,64.7,1967-03-01
1967,4,37.3,1967-04-01
1967,5,132.5,1967-05-01
1967,6,29.8,1967-06-01
1967,7,83.2,1967-07-01
1967,8,97.8,1967-08-01
1967,9,134.9,1967-09-01
1967,10,171.3,1967-10-01
1967,11,80.7,1967-11-01
1967,12,74.9,1967-12-01
1968,1,121.4,1968-01-01
1968,2,38.7,1968-02-01
1968,3,76.0,1968-03-01
1968,4,73.8,1968-04-01
1968,5,64.4,1968-05-01
1968,6,66.1,1968-06-01
1968,7,37.0,1968-07-01
1968,8,77.1,1968-08-01
1968,9,144.2,1968-09-01
1968,10,129.5,1968-10-01
1968,11,125.5,1968-11-01
1968,12,150.3,1968-12-01
1969,1,174.2,1969-01-01
1969,2,59.4,1969-02-01
1969,3,52.9,1969-03-01
1969,4,65.9,1969-04-01
1969,5,94.2,1969-05-01
1969,6,68.7,1969-06-01
1969,7,45.5,1969-07-01
1969,8,54.4,1969-08-01
1969,9,45.4,1969-09-01
1969,10,51.9,1969-10-01
1969,11,110.6,1969-11-01
1969,12,116.9,1969-12-01
1970,1,127.8,1970-01-01
1970,2,114.6,1970-02-01
1970,3,57.6,1970-03-01
1970,4,89.1,1970-04-01
1970,5,32.0,1970-05-01
1970,6,50.1,1970-06-01
1970,7,91.6,1970-07-01
1970,8,76.6,1970-08-01
1970,9,110.6,1970-09-01
1970,10,81.2,1970-10-01
1970,11,165.8,1970-11-01
1970,12,56.1,1970-12-01
1971,1,102.1,1971-01-01
1971,2,59.2,1971-02-01
1971,3,58.5,1971-03-01
1971,4,55.6,1971-04-01
1971,5,53.7,1971-05-01
1971,6,79.1,1971-06-01
1971,7,66.3,1971-07-01
1971,8,90.2,1971-08-01
1971,9,41.9,1971-09-01
1971,10,85.6,1971-10-01
1971,11,96.7,1971-11-01
1971,12,55.3,1971-12-01
1972,1,144.7,1972-01-01
1972,2,100.5,1972-02-01
1972,3,90.9,1972-03-01
1972,4,75.6,1972-04-01
1972,5,113.2,1972-05-01
1972,6,71.7,1972-06-01
1972,7,59.4,1972-07-01
1972,8,54.7,1972-08-01
1972,9,16.9,1972-09-01
1972,10,66.4,1972-10-01
1972,11,134.8,1972-11-01
1972,12,128.5,1972-12-01
1973,1,100.7,1973-01-01
1973,2,77.4,1973-02-01
1973,3,33.9,1973-03-01
1973,4,48.1,1973-04-01
1973,5,99.5,1973-05-01
1973,6,37.4,1973-06-01
1973,7,68.2,1973-07-01
1973,8,104.9,1973-08-01
1973,9,109.8,1973-09-01
1973,10,68.2,1973-10-01
1973,11,122.3,1973-11-01
1973,12,108.4,1973-12-01
1974,1,205.1,1974-01-01
1974,2,108.1,1974-02-01
1974,3,51.9,1974-03-01
1974,4,37.4,1974-04-01
1974,5,95.7,1974-05-01
1974,6,40.5,1974-06-01
1974,7,88.5,1974-07-01
1974,8,98.1,1974-08-01
1974,9,166.2,1974-09-01
1974,10,55.1,1974-10-01
1974,11,98.8,1974-11-01
1974,12,91.6,1974-12-01
1975,1,162.5,1975-01-01
1975,2,49.3,1975-02-01
1975,3,49.4,1975-03-01
1975,4,61.3,1975-04-01
1975,5,26.4,1975-05-01
1975,6,20.6,1975-06-01
1975,7,70.5,1975-07-01
1975,8,48.1,1975-08-01
1975,9,134.2,1975-09-01
1975,10,118.4,1975-10-01
1975,11,89.9,1975-11-01
1975,12,41.0,1975-12-01
1976,1,109.3,1976-01-01
1976,2,56.2,1976-02-01
1976,3,95.5,1976-03-01
1976,4,28.9,1976-04-01
1976,5,96.7,1976-05-01
1976,6,50.2,1976-06-01
1976,7,74.7,1976-07-01
1976,8,12.0,1976-08-01
1976,9,116.9,1976-09-01
1976,10,178.8,1976-10-01
1976,11,89.5,1976-11-01
1976,12,102.0,1976-12-01
1977,1,104.6,1977-01-01
1977,2,174.0,1977-02-01
1977,3,108.4,1977-03-01
1977,4,72.6,1977-04-01
1977,5,28.5,1977-05-01
1977,6,58.3,1977-06-01
1977,7,45.0,1977-07-01
1977,8,94.8,1977-08-01
1977,9,68.5,1977-09-01
1977,10,165.8,1977-10-01
1977,11,120.4,1977-11-01
1977,12,123.0,1977-12-01
1978,1,112.6,1978-01-01
1978,2,108.5,1978-02-01
1978,3,111.6,1978-03-01
1978,4,54.4,1978-04-01
1978,5,24.2,1978-05-01
1978,6,58.5,1978-06-01
1978,7,72.5,1978-07-01
1978,8,97.6,1978-08-01
1978,9,68.3,1978-09-01
1978,10,50.1,1978-10-01
1978,11,115.1,1978-11-01
1978,12,226.4,1978-12-01
1979,1,94.9,1979-01-01
1979,2,73.9,1979-02-01
1979,3,100.4,1979-03-01
1979,4,74.2,1979-04-01
1979,5,108.9,1979-05-01
1979,6,57.8,1979-06-01
1979,7,33.1,1979-07-01
1979,8,119.0,1979-08-01
1979,9,59.9,1979-09-01
1979,10,140.3,1979-10-01
1979,11,128.9,1979-11-01
1979,12,165.3,1979-12-01
1980,1,117.0,1980-01-01
1980,2,118.9,1980-02-01
1980,3,105.1,1980-03-01
1980,4,25.0,1980-04-01
1980,5,35.3,1980-05-01
1980,6,84.1,1980-06-01
1980,7,95.4,1980-07-01
1980,8,106.6,1980-08-01
1980,9,136.6,1980-09-01
1980,10,144.7,1980-10-01
1980,11,108.2,1980-11-01
1980,12,117.5,1980-12-01
1981,1,63.0,1981-01-01
1981,2,88.9,1981-02-01
1981,3,150.5,1981-03-01
1981,4,34.4,1981-04-01
1981,5,155.3,1981-05-01
1981,6,85.2,1981-06-01
1981,7,51.9,1981-07-01
1981,8,31.5,1981-08-01
1981,9,165.7,1981-09-01
1981,10,106.2,1981-10-01
1981,11,88.6,1981-11-01
1981,12,127.4,1981-12-01
1982,1,105.0,1982-01-01
1982,2,112.1,1982-02-01
1982,3,113.2,1982-03-01
1982,4,31.7,1982-04-01
1982,5,71.9,1982-05-01
1982,6,131.4,1982-06-01
1982,7,20.3,1982-07-01
1982,8,94.3,1982-08-01
1982,9,114.0,1982-09-01
1982,10,156.6,1982-10-01
1982,11,162.7,1982-11-01
1982,12,137.6,1982-12-01
1983,1,127.0,1983-01-01
1983,2,59.4,1983-02-01
1983,3,101.3,1983-03-01
1983,4,77.6,1983-04-01
1983,5,110.0,1983-05-01
1983,6,55.6,1983-06-01
1983,7,25.5,1983-07-01
1983,8,66.8,1983-08-01
1983,9,126.1,1983-09-01
1983,10,123.0,1983-10-01
1983,11,45.0,1983-11-01
1983,12,151.7,1983-12-01
1984,1,180.2,1984-01-01
1984,2,84.9,1984-02-01
1984,3,64.7,1984-03-01
1984,4,45.5,1984-04-01
1984,5,31.9,1984-05-01
1984,6,45.1,1984-06-01
1984,7,41.9,1984-07-01
1984,8,81.7,1984-08-01
1984,9,99.4,1984-09-01
1984,10,122.3,1984-10-01
1984,11,146.1,1984-11-01
1984,12,118.1,1984-12-01
1985,1,78.6,1985-01-01
1985,2,73.7,1985-02-01
1985,3,107.0,1985-03-01
1985,4,69.0,1985-04-01
1985,5,87.4,1985-05-01
1985,6,79.7,1985-06-01
1985,7,87.0,1985-07-01
1985,8,191.5,1985-08-01
1985,9,97.5,1985-09-01
1985,10,59.9,1985-10-01
1985,11,92.2,1985-11-01
1985,12,124.1,1985-12-01
1986,1,136.2,1986-01-01
1986,2,6.5,1986-02-01
1986,3,121.1,1986-03-01
1986,4,74.1,1986-04-01
1986,5,124.0,1986-05-01
1986,6,95.4,1986-06-01
1986,7,68.1,1986-07-01
1986,8,174.7,1986-08-01
1986,9,7.5,1986-09-01
1986,10,99.9,1986-10-01
1986,11,138.4,1986-11-01
1986,12,179.3,1986-12-01
1987,1,56.0,1987-01-01
1987,2,79.7,1987-02-01
1987,3,101.6,1987-03-01
1987,4,73.6,1987-04-01
1987,5,32.2,1987-05-01
1987,6,107.6,1987-06-01
1987,7,47.5,1987-07-01
1987,8,83.7,1987-08-01
1987,9,111.0,1987-09-01
1987,10,144.5,1987-10-01
1987,11,79.1,1987-11-01
1987,12,100.7,1987-12-01
1988,1,194.6,1988-01-01
1988,2,79.9,1988-02-01
1988,3,114.7,1988-03-01
1988,4,42.2,1988-04-01
1988,5,83.0,1988-05-01
1988,6,49.4,1988-06-01
1988,7,131.1,1988-07-01
1988,8,120.5,1988-08-01
1988,9,80.2,1988-09-01
1988,10,150.3,1988-10-01
1988,11,55.5,1988-11-01
1988,12,72.8,1988-12-01
1989,1,89.2,1989-01-01
1989,2,102.2,1989-02-01
1989,3,134.3,1989-03-01
1989,4,83.6,1989-04-01
1989,5,20.9,1989-05-01
1989,6,65.4,1989-06-01
1989,7,23.8,1989-07-01
1989,8,105.8,1989-08-01
1989,9,59.9,1989-09-01
1989,10,147.0,1989-10-01
1989,11,60.0,1989-11-01
1989,12,119.1,1989-12-01
1990,1,135.3,1990-01-01
1990,2,192.5,1990-02-01
1990,3,38.2,1990-03-01
1990,4,52.0,1990-04-01
1990,5,37.3,1990-05-01
1990,6,101.6,1990-06-01
1990,7,58.4,1990-07-01
1990,8,71.5,1990-08-01
1990,9,39.7,1990-09-01
1990,10,178.6,1990-10-01
1990,11,74.8,1990-11-01
1990,12,121.0,1990-12-01
1991,1,103.4,1991-01-01
1991,2,89.0,1991-02-01
1991,3,109.3,1991-03-01
1991,4,121.3,1991-04-01
1991,5,7.7,1991-05-01
1991,6,91.9,1991-06-01
1991,7,65.2,1991-07-01
1991,8,39.7,1991-08-01
1991,9,79.0,1991-09-01
1991,10,125.3,1991-10-01
1991,11,120.7,1991-11-01
1991,12,63.2,1991-12-01
1992,1,66.7,1992-01-01
1992,2,71.6,1992-02-01
1992,3,107.9,1992-03-01
1992,4,103.1,1992-04-01
1992,5,55.8,1992-05-01
1992,6,39.4,1992-06-01
1992,7,101.0,1992-07-01
1992,8,142.3,1992-08-01
1992,9,97.8,1992-09-01
1992,10,56.3,1992-10-01
1992,11,131.6,1992-11-01
1992,12,86.8,1992-12-01
1993,1,133.2,1993-01-01
1993,2,27.7,1993-02-01
1993,3,67.1,1993-03-01
1993,4,104.3,1993-04-01
1993,5,135.0,1993-05-01
1993,6,95.7,1993-06-01
1993,7,87.8,1993-07-01
1993,8,46.1,1993-08-01
1993,9,135.0,1993-09-01
1993,10,62.5,1993-10-01
1993,11,84.8,1993-11-01
1993,12,187.1,1993-12-01
1994,1,148.3,1994-01-01
1994,2,154.0,1994-02-01
1994,3,119.6,1994-03-01
1994,4,97.9,1994-04-01
1994,5,67.9,1994-05-01
1994,6,55.4,1994-06-01
1994,7,91.9,1994-07-01
1994,8,83.3,1994-08-01
1994,9,87.3,1994-09-01
1994,10,69.7,1994-10-01
1994,11,102.3,1994-11-01
1994,12,159.0,1994-12-01
1995,1,172.6,1995-01-01
1995,2,140.1,1995-02-01
1995,3,97.9,1995-03-01
1995,4,33.0,1995-04-01
1995,5,68.3,1995-05-01
1995,6,31.7,1995-06-01
1995,7,86.3,1995-07-01
1995,8,13.0,1995-08-01
1995,9,66.5,1995-09-01
1995,10,164.1,1995-10-01
1995,11,136.2,1995-11-01
1995,12,94.1,1995-12-01
1996,1,146.3,1996-01-01
1996,2,109.6,1996-02-01
1996,3,106.2,1996-03-01
1996,4,93.9,1996-04-01
1996,5,70.1,1996-05-01
1996,6,40.8,1996-06-01
1996,7,64.5,1996-07-01
1996,8,110.8,1996-08-01
1996,9,37.9,1996-09-01
1996,10,169.3,1996-10-01
1996,11,126.5,1996-11-01
1996,12,52.0,1996-12-01
1997,1,35.2,1997-01-01
1997,2,134.6,1997-02-01
1997,3,36.4,1997-03-01
1997,4,41.5,1997-04-01
1997,5,82.5,1997-05-01
1997,6,119.1,1997-06-01
1997,7,77.0,1997-07-01
1997,8,157.2,1997-08-01
1997,9,61.6,1997-09-01
1997,10,90.1,1997-10-01
1997,11,162.4,1997-11-01
1997,12,128.8,1997-12-01
1998,1,144.4,1998-01-01
1998,2,40.4,1998-02-01
1998,3,90.9,1998-03-01
1998,4,124.0,1998-04-01
1998,5,39.7,1998-05-01
1998,6,132.4,1998-06-01
1998,7,83.7,1998-07-01
1998,8,82.7,1998-08-01
1998,9,96.0,1998-09-01
1998,10,157.4,1998-10-01
1998,11,130.3,1998-11-01
1998,12,135.6,1998-12-01
1999,1,135.5,1999-01-01
1999,2,61.6,1999-02-01
1999,3,59.7,1999-03-01
1999,4,92.1,1999-04-01
1999,5,60.5,1999-05-01
1999,6,56.2,1999-06-01
1999,7,44.1,1999-07-01
1999,8,109.5,1999-08-01
1999,9,173.6,1999-09-01
1999,10,65.1,1999-10-01
1999,11,102.6,1999-11-01
1999,12,192.8,1999-12-01
2000,1,66.3,2000-01-01
2000,2,111.7,2000-02-01
2000,3,35.7,2000-03-01
2000,4,79.9,2000-04-01
2000,5,66.7,2000-05-01
2000,6,55.3,2000-06-01
2000,7,58.5,2000-07-01
2000,8,81.8,2000-08-01
2000,9,120.8,2000-09-01
2000,10,180.0,2000-10-01
2000,11,180.4,2000-11-01
2000,12,158.6,2000-12-01
2001,1,73.6,2001-01-01
2001,2,80.5,2001-02-01
2001,3,89.2,2001-03-01
2001,4,83.0,2001-04-01
2001,5,40.2,2001-05-01
2001,6,60.8,2001-06-01
2001,7,74.8,2001-07-01
2001,8,106.0,2001-08-01
2001,9,66.2,2001-09-01
2001,10,130.6,2001-10-01
2001,11,59.5,2001-11-01
2001,12,60.3,2001-12-01
2002,1,151.6,2002-01-01
2002,2,160.2,2002-02-01
2002,3,63.3,2002-03-01
2002,4,102.1,2002-04-01
2002,5,139.5,2002-05-01
2002,6,105.7,2002-06-01
2002,7,70.4,2002-07-01
2002,8,61.9,2002-08-01
2002,9,39.3,2002-09-01
2002,10,199.1,2002-10-01
2002,11,187.3,2002-11-01
2002,12,112.9,2002-12-01
2003,1,81.8,2003-01-01
2003,2,65.2,2003-02-01
2003,3,56.6,2003-03-01
2003,4,79.3,2003-04-01
2003,5,112.0,2003-05-01
2003,6,95.8,2003-06-01
2003,7,93.5,2003-07-01
2003,8,17.2,2003-08-01
2003,9,57.2,2003-09-01
2003,10,61.8,2003-10-01
2003,11,125.1,2003-11-01
2003,12,89.3,2003-12-01
2004,1,123.4,2004-01-01
2004,2,52.3,2004-02-01
2004,3,85.9,2004-03-01
2004,4,67.4,2004-04-01
2004,5,47.5,2004-05-01
2004,6,82.4,2004-06-01
2004,7,59.3,2004-07-01
2004,8,122.8,2004-08-01
2004,9,101.9,2004-09-01
2004,10,166.7,2004-10-01
2004,11,54.2,2004-11-01
2004,12,89.5,2004-12-01
2005,1,128.1,2005-01-01
2005,2,51.4,2005-02-01
2005,3,73.6,2005-03-01
2005,4,105.1,2005-04-01
2005,5,86.3,2005-05-01
2005,6,51.9,2005-06-01
2005,7,73.9,2005-07-01
2005,8,65.0,2005-08-01
2005,9,86.6,2005-09-01
2005,10,146.1,2005-10-01
2005,11,99.1,2005-11-01
2005,12,82.7,2005-12-01
2006,1,57.6,2006-01-01
2006,2,54.6,2006-02-01
2006,3,120.3,2006-03-01
2006,4,47.3,2006-04-01
2006,5,126.2,2006-05-01
2006,6,29.8,2006-06-01
2006,7,53.9,2006-07-01
2006,8,70.8,2006-08-01
2006,9,162.6,2006-09-01
2006,10,145.6,2006-10-01
2006,11,142.3,2006-11-01
2006,12,170.5,2006-12-01
2007,1,107.9,2007-01-01
2007,2,107.8,2007-02-01
2007,3,80.3,2007-03-01
2007,4,26.9,2007-04-01
2007,5,65.9,2007-05-01
2007,6,141.3,2007-06-01
2007,7,133.0,2007-07-01
2007,8,100.4,2007-08-01
2007,9,52.8,2007-09-01
2007,10,52.2,2007-10-01
2007,11,75.0,2007-11-01
2007,12,123.1,2007-12-01
2008,1,174.3,2008-01-01
2008,2,58.0,2008-02-01
2008,3,113.5,2008-03-01
2008,4,45.1,2008-04-01
2008,5,42.3,2008-05-01
2008,6,101.9,2008-06-01
2008,7,123.8,2008-07-01
2008,8,175.9,2008-08-01
2008,9,108.2,2008-09-01
2008,10,152.4,2008-10-01
2008,11,80.4,2008-11-01
2008,12,73.7,2008-12-01
2009,1,152.9,2009-01-01
2009,2,36.5,2009-02-01
2009,3,48.7,2009-03-01
2009,4,120.9,2009-04-01
2009,5,90.7,2009-05-01
2009,6,73.2,2009-06-01
2009,7,174.7,2009-07-01
2009,8,148.4,2009-08-01
2009,9,49.4,2009-09-01
2009,10,129.9,2009-10-01
2009,11,244.9,2009-11-01
2009,12,105.4,2009-12-01
2010,1,93.4,2010-01-01
2010,2,52.6,2010-02-01
2010,3,85.6,2010-03-01
2010,4,56.7,2010-04-01
2010,5,47.0,2010-05-01
2010,6,53.8,2010-06-01
2010,7,140.8,2010-07-01
2010,8,43.7,2010-08-01
2010,9,136.1,2010-09-01
2010,10,80.0,2010-10-01
2010,11,135.7,2010-11-01
2010,12,62.3,2010-12-01
2011,1,78.3,2011-01-01
2011,2,120.9,2011-02-01
2011,3,40.7,2011-03-01
2011,4,41.0,2011-04-01
2011,5,96.4,2011-05-01
2011,6,95.8,2011-06-01
2011,7,57.4,2011-07-01
2011,8,64.4,2011-08-01
2011,9,113.6,2011-09-01
2011,10,154.0,2011-10-01
2011,11,141.4,2011-11-01
2011,12,122.6,2011-12-01
2012,1,99.9,2012-01-01
2012,2,49.1,2012-02-01
2012,3,28.6,2012-03-01
2012,4,79.5,2012-04-01
2012,5,55.5,2012-05-01
2012,6,197.1,2012-06-01
2012,7,111.8,2012-07-01
2012,8,143.9,2012-08-01
2012,9,64.9,2012-09-01
2012,10,107.5,2012-10-01
2012,11,120.3,2012-11-01
2012,12,125.6,2012-12-01
2013,1,142.2,2013-01-01
2013,2,61.1,2013-02-01
2013,3,78.7,2013-03-01
2013,4,79.2,2013-04-01
2013,5,81.5,2013-05-01
2013,6,75.6,2013-06-01
2013,7,65.5,2013-07-01
2013,8,65.3,2013-08-01
2013,9,55.0,2013-09-01
2013,10,165.0,2013-10-01
2013,11,73.6,2013-11-01
2013,12,173.8,2013-12-01
2014,1,173.9,2014-01-01
2014,2,199.3,2014-02-01
2014,3,89.8,2014-03-01
2014,4,60.4,2014-04-01
2014,5,85.8,2014-05-01
2014,6,55.8,2014-06-01
2014,7,54.1,2014-07-01
2014,8,123.3,2014-08-01
2014,9,18.7,2014-09-01
2014,10,140.3,2014-10-01
2014,11,166.9,2014-11-01
2014,12,94.4,2014-12-01
2015,1,125.5,2015-01-01
2015,2,68.0,2015-02-01
2015,3,95.0,2015-03-01
2015,4,49.7,2015-04-01
2015,5,133.8,2015-05-01
2015,6,47.2,2015-06-01
2015,7,113.1,2015-07-01
2015,8,105.3,2015-08-01
2015,9,65.7,2015-09-01
2015,10,71.2,2015-10-01
2015,11,170.2,2015-11-01
2015,12,301.3,2015-12-01
2016,1,172.5,2016-01-01
2016,2,130.9,2016-02-01
2016,3,67.8,2016-03-01
2016,4,80.5,2016-04-01
2016,5,64.2,2016-05-01
2016,6,90.2,2016-06-01
2016,7,65.5,2016-07-01
2016,8,79.1,2016-08-01
2016,9,108.1,2016-09-01
2016,10,51.8,2016-10-01
2016,11,58.0,2016-11-01
2016,12,92.1,2016-12-01
